year,sport,gold,silver,bronze,total,note
1930,Athletics,0,3,1,4,from per-sport pages
1930,Boxing,0,1,0,1,from per-sport pages
1930,Rowing,1,0,0,1,from per-sport pages
1930,Aquatics,2,0,0,2,from per-sport pages
1934,Athletics,1,1,2,4,from per-sport pages
1934,Boxing,1,0,0,1,from per-sport pages
1934,Aquatics,3,2,0,5,from per-sport pages
1934,Wrestling,2,0,0,2,from per-sport pages
1934,Cycling,1,1,0,2,from per-sport pages
1938,Athletics,6,11,12,29,from per-sport pages
1938,Boxing,1,1,2,4,from per-sport pages
1938,Lawn bowls,0,1,2,3,from per-sport pages
1938,Rowing,3,1,0,4,from per-sport pages
1938,Aquatics,7,3,6,16,from per-sport pages
1938,Wrestling,6,0,0,6,from per-sport pages
1938,Cycling,2,2,0,4,from per-sport pages
1950,Athletics,15,8,5,28,
1950,Aquatics,7,5,4,16,
1950,Cycling,4,3,2,9,
1950,Rowing,4,1,0,5,
1950,Wrestling,3,3,1,7,
1950,Fencing,1,1,3,5,
1950,Boxing,0,3,1,4,
1950,Lawn bowls,0,2,0,2,
1950,Weightlifting,0,1,3,4,
1954,Athletics,6,3,4,13,
1954,Aquatics,7,3,4,14,
1954,Rowing,2,0,1,3,
1954,Cycling,2,0,0,2,
1954,Fencing,1,2,3,6,
1954,Wrestling,1,1,1,3,
1954,Weightlifting,1,0,1,2,
1954,Boxing,0,2,3,5,
1958,Aquatics,11,6,5,22,
1958,Athletics,10,6,6,22,
1958,Cycling,2,2,0,4,
1958,Boxing,2,1,0,3,
1958,Rowing,1,2,2,5,
1958,Weightlifting,1,0,2,3,
1958,Fencing,0,4,1,5,
1958,Wrestling,0,1,1,2,
1962,Aquatics,17,14,10,41,
1962,Athletics,12,12,13,37,
1962,Cycling,4,2,1,7,
1962,Boxing,2,0,2,4,
1962,Weightlifting,1,1,0,2,
1962,Fencing,1,3,1,5,
1962,Rowing,1,1,3,5,
1962,Wrestling,0,3,1,4,
1966,Aquatics,11,10,9,30,
1966,Athletics,11,8,2,21,
1966,Weightlifting,1,1,1,3,
1966,Cycling,0,3,3,6,
1966,Fencing,0,3,2,5,
1966,Boxing,0,1,3,4,
1966,Shooting,0,1,1,2,
1966,Wrestling,0,1,1,2,
1970,Aquatics,20,10,15,45,
1970,Athletics,10,9,3,22,
1970,Weightlifting,4,0,0,4,
1970,Cycling,2,3,1,6,
1970,Fencing,0,2,1,3,
1970,Boxing,0,0,2,2,
1974,Aquatics,14,12,11,37,
1974,Athletics,8,7,7,22,
1974,Cycling,3,4,2,9,
1974,Weightlifting,3,1,1,5,
1974,Shooting,1,1,1,3,
1974,Lawn bowls,0,2,0,2,
1974,Wrestling,0,1,3,4,
1978,Aquatics,10,10,12,32,
1978,Athletics,6,11,7,24,
1978,Cycling,3,3,2,8,
1978,Weightlifting,3,5,1,9,
1978,Boxing,1,0,1,2,
1978,Gymnastics,0,1,1,2,
1978,Shooting,0,0,2,2,
1978,Lawn bowls,0,1,0,1,
1978,Wrestling,1,2,1,4,
1982,Aquatics,15,15,9,39,
1982,Athletics,9,9,4,22,
1982,Shooting,7,3,4,14,
1982,Cycling,4,3,1,8,
1982,Weightlifting,3,4,2,9,
1982,Lawn bowls,1,1,1,3,
1982,Wrestling,0,3,2,5,
1982,Boxing,0,1,4,5,
1982,Archery,0,0,1,1,
1982,Badminton,0,0,1,1,
1986,Aquatics,13,13,14,40,
1986,Athletics,9,5,12,26,
1986,Cycling,5,1,2,8,
1986,Shooting,4,7,3,14,
1986,Rowing,4,5,2,11,
1986,Weightlifting,4,4,1,9,
1986,Badminton,1,1,1,3,
1986,Wrestling,0,5,0,5,
1986,Boxing,0,3,0,3,
1986,Lawn bowls,0,2,0,2,
1990,Aquatics,24,20,17,61,
1990,Athletics,10,11,5,26,
1990,Shooting,7,5,3,15,
1990,Cycling,4,5,3,12,
1990,Weightlifting,2,4,11,17,
1990,Lawn bowls,3,1,0,4,
1990,Gymnastics,2,4,10,16,
1990,Judo,0,3,6,9,
1990,Boxing,0,1,3,4,
1994,Aquatics,27,19,14,60,
1994,Weightlifting,14,9,2,25,
1994,Athletics,13,7,4,24,
1994,Shooting,10,5,4,19,
1994,Gymnastics,10,6,7,23,
1994,Cycling,10,3,4,17,
1994,Lawn bowls,1,2,1,4,
1994,Badminton,1,0,4,5,
1994,Boxing,1,0,2,3,
1994,Wrestling,0,1,1,2,
1998,Aquatics,26,20,12,58,
1998,Athletics,13,10,11,34,
1998,Gymnastics,9,9,10,28,
1998,Shooting,9,6,5,20,
1998,Cycling,8,5,3,16,
1998,Weightlifting,6,4,6,16,
1998,Ten-pin bowling,3,1,1,5,
1998,Squash,2,3,1,6,
1998,Hockey,2,0,0,2,
1998,Lawn bowls,1,2,1,4,
1998,Netball,1,0,0,1,
1998,Cricket,0,1,0,1,
1998,Boxing,0,0,4,4,
1998,Badminton,0,0,2,2,
1998,Rugby sevens,0,0,1,1,
2002,Aquatics,30,13,12,55,
2002,Shooting,11,13,6,30,
2002,Cycling,10,7,6,23,
2002,Athletics,9,9,10,28,
2002,Weightlifting,8,10,8,26,
2002,Gymnastics,6,5,4,15,
2002,Boxing,3,0,1,4,
2002,Judo,2,0,3,5,
2002,Squash,1,1,6,8,
2002,Hockey,1,0,1,2,
2002,Netball,1,0,0,1,
2002,Table tennis,0,2,2,4,
2002,Lawn bowls,0,1,1,2,
2002,Triathlon,0,1,1,2,
2002,Wrestling,0,0,2,2,
2006,Aquatics,24,24,23,71,
2006,Athletics,16,12,13,41,athletics from event medal table
2006,Shooting,9,8,6,23,
2006,Cycling,11,8,5,24,
2006,Gymnastics,6,7,8,21,
2006,Weightlifting,4,3,4,11,
2006,Squash,3,3,2,8,
2006,Lawn bowls,3,1,1,5,
2006,Boxing,2,0,4,6,
2006,Triathlon,2,0,1,3,
2006,Basketball,2,0,0,2,
2006,Hockey,2,0,0,2,
2006,Table tennis,0,2,1,3,
2006,Netball,0,1,0,1,
2010,Archery,1,0,1,2,from medallist list
2010,Athletics,11,6,3,20,from medallist list
2010,Badminton,0,0,1,1,from medallist list
2010,Cycling,14,3,4,21,from medallist list
2010,Aquatics,24,23,23,70,from medallist list
2010,Gymnastics,12,5,4,21,from medallist list
2010,Hockey,2,0,0,2,from medallist list
2010,Lawn bowls,0,3,1,4,from medallist list
2010,Netball,0,1,0,1,from medallist list
2010,Rugby sevens,0,1,0,1,from medallist list
2010,Shooting,3,5,4,12,from medallist list
2010,Squash,1,1,3,5,from medallist list
2010,Table tennis,0,1,0,1,from medallist list
2010,Tennis,3,3,2,8,from medallist list
2010,Weightlifting,2,2,1,5,from medallist list
2010,Wrestling,1,1,1,3,from medallist list
2014,Aquatics,21,24,20,65,
2014,Athletics,8,1,3,12,
2014,Cycling,7,9,8,24,
2014,Shooting,6,0,2,8,
2014,Boxing,2,1,0,3,
2014,Squash,2,0,1,3,
2014,Hockey,2,0,0,2,
2014,Netball,1,0,0,1,
2014,Gymnastics,0,4,0,4,
2014,Lawn bowls,0,1,3,4,
2014,Weightlifting,0,1,2,3,
2014,Table tennis,0,1,1,2,
2014,Judo,0,0,4,4,
2014,Rugby sevens,0,0,1,1,
2014,Triathlon,0,0,1,1,
2018,Aquatics,31,24,29,84,
2018,Cycling,14,3,6,23,
2018,Athletics,13,13,10,36,
2018,Lawn bowls,5,2,0,7,
2018,Shooting,3,5,1,9,
2018,Boxing,3,2,3,8,
2018,Gymnastics,2,2,5,9,
2018,Squash,2,0,1,3,
2018,Basketball,2,0,0,2,
2018,Triathlon,1,3,2,6,
2018,Weightlifting,1,1,1,3,
2018,Beach volleyball,1,1,0,2,
2018,Hockey,1,1,0,2,
2018,Table tennis,1,0,1,2,
2018,Netball,0,1,0,1,
2018,Rugby sevens,0,1,0,1,
2022,Aquatics,29,24,22,75,
2022,Cycling,11,3,4,18,
2022,Athletics,10,10,5,25,
2022,Gymnastics,4,5,3,12,
2022,Lawn bowls,3,3,0,6,
2022,Judo,2,0,8,10,
2022,Table tennis,1,3,2,6,
2022,Basketball,1,2,1,4,
2022,Weightlifting,1,2,3,6,
2022,Hockey,1,1,0,2,
2022,Beach volleyball,1,1,0,2,
2022,Cricket,1,0,0,1,
2022,Netball,1,0,0,1,
2022,Rugby sevens,1,0,0,1,
2022,Boxing,0,2,3,5,
2022,Triathlon,0,1,3,4,
2022,Wrestling,0,0,2,2,
2026,Basketball,2,1,1,4,
2026,Gymnastics,4,1,4,9,
2026,Athletics,12,11,11,34,
2026,Lawn bowls,2,0,0,2,
2026,Boxing,2,1,3,6,
2026,Judo,0,5,2,7,
2026,Netball,0,0,1,1,
2026,Weightlifting,1,0,3,4,
2026,Aquatics,37,16,23,76,
2026,Cycling,10,10,8,28,
