athlete,sport,year,gold,silver,bronze,medals,career_total,career_gold,first,last,rank
Emma McKeon,Swimming,2014,4,0,2,6,20,14,2014,2022,1
Emma McKeon,Swimming,2018,4,0,2,6,20,14,2014,2022,1
Emma McKeon,Swimming,2022,6,1,1,8,20,14,2014,2022,1
Phil Adams,Shooting,1982,2,1,1,4,18,7,1982,2002,2
Phil Adams,Shooting,1986,1,3,1,5,18,7,1982,2002,2
Phil Adams,Shooting,1990,3,2,0,5,18,7,1982,2002,2
Phil Adams,Shooting,1994,1,2,0,3,18,7,1982,2002,2
Phil Adams,Shooting,2002,0,1,0,1,18,7,1982,2002,2
Susie O'Neill,Swimming,1990,1,1,0,2,15,10,1990,1998,3
Susie O'Neill,Swimming,1994,3,2,0,5,15,10,1990,1998,3
Susie O'Neill,Swimming,1998,6,2,0,8,15,10,1990,1998,3
Emily Seebohm,Swimming,2010,2,2,3,7,14,6,2010,2018,4
Emily Seebohm,Swimming,2014,2,1,0,3,14,6,2010,2018,4
Emily Seebohm,Swimming,2018,2,1,1,4,14,6,2010,2018,4
Bruce Quick,Shooting,1990,1,0,1,2,14,1,1990,2010,5
Bruce Quick,Shooting,1998,0,1,2,3,14,1,1990,2010,5
Bruce Quick,Shooting,2002,0,5,1,6,14,1,1990,2010,5
Bruce Quick,Shooting,2006,0,1,1,2,14,1,1990,2010,5
Bruce Quick,Shooting,2010,0,0,1,1,14,1,1990,2010,5
Kyle Chalmers,Swimming,2018,4,1,0,5,13,10,2018,2026,6
Kyle Chalmers,Swimming,2022,3,1,0,4,13,10,2018,2026,6
Kyle Chalmers,Swimming,2026,3,0,1,4,13,10,2018,2026,6
Ivan Lund,Fencing,1950,1,0,1,2,13,3,1950,1962,7
Ivan Lund,Fencing,1954,1,1,2,4,13,3,1950,1962,7
Ivan Lund,Fencing,1958,0,3,1,4,13,3,1950,1962,7
Ivan Lund,Fencing,1962,1,2,0,3,13,3,1950,1962,7
Petria Thomas,Swimming,1994,2,0,0,2,12,9,1994,2002,8
Petria Thomas,Swimming,1998,2,1,0,3,12,9,1994,2002,8
Petria Thomas,Swimming,2002,5,1,1,7,12,9,1994,2002,8
Mollie O'Callaghan,Swimming,2022,5,2,0,7,12,9,2022,2026,9
Mollie O'Callaghan,Swimming,2026,4,1,0,5,12,9,2022,2026,9
Ian Thorpe,Swimming,1998,4,0,0,4,11,10,1998,2002,10
Ian Thorpe,Swimming,2002,6,1,0,7,11,10,1998,2002,10
Leisel Jones,Swimming,2002,3,0,0,3,11,10,2002,2010,11
Leisel Jones,Swimming,2006,4,0,0,4,11,10,2002,2010,11
Leisel Jones,Swimming,2010,3,1,0,4,11,10,2002,2010,11
Michael Wenden,Swimming,1966,1,0,0,1,11,7,1966,1974,12
Michael Wenden,Swimming,1970,4,1,0,5,11,7,1966,1974,12
Michael Wenden,Swimming,1974,2,2,1,5,11,7,1966,1974,12
Hayley Lewis,Swimming,1990,5,0,1,6,11,7,1990,1994,13
Hayley Lewis,Swimming,1994,2,2,1,5,11,7,1990,1994,13
Michael Klim,Swimming,1998,4,1,2,7,11,5,1998,2006,14
Michael Klim,Swimming,2006,1,2,1,4,11,5,1998,2006,14
Brennon Dowrick,Gymnastics,1990,1,0,2,3,11,2,1990,1998,15
Brennon Dowrick,Gymnastics,1994,1,2,2,5,11,2,1990,1998,15
Brennon Dowrick,Gymnastics,1998,0,1,2,3,11,2,1990,1998,15
Lalita Yauhleuskaya,Shooting,2002,3,0,1,4,10,6,2002,2014,16
Lalita Yauhleuskaya,Shooting,2006,3,1,0,4,10,6,2002,2014,16
Lalita Yauhleuskaya,Shooting,2010,0,1,0,1,10,6,2002,2014,16
Lalita Yauhleuskaya,Shooting,2014,0,0,1,1,10,6,2002,2014,16
