sport,gold,silver,bronze,total
Aquatics,410,310,294,1014
Athletics,218,183,153,554
Cycling,131,83,65,279
Shooting,70,59,42,171
Weightlifting,60,53,53,166
Gymnastics,55,49,56,160
Boxing,20,20,41,81
Lawn bowls,19,25,11,55
Wrestling,14,22,17,53
Judo,4,8,23,35
Rowing,16,10,8,34
Squash,11,8,14,33
Fencing,3,15,11,29
Table tennis,2,9,7,18
Triathlon,3,5,8,16
Hockey,11,2,1,14
Badminton,2,1,9,12
Basketball,7,3,2,12
Netball,4,3,1,8
Tennis,3,3,2,8
Ten-pin bowling,3,1,1,5
Rugby sevens,1,2,2,5
Beach volleyball,2,2,0,4
Archery,1,0,2,3
Cricket,1,1,0,2
