city,lat,lon,host,trips,athletes,aus_medals,home,games_label,km,o_lat,o_lon
Hamilton,43.2557,-79.8711,Canada,1,9,8,Away,1930,15767,-35.2809,149.13
London,51.5074,-0.1278,England,1,17,14,Away,1934,16982,-35.2809,149.13
Sydney,-33.8688,151.2093,Australia,1,154,66,Home,1938,247,-35.2809,149.13
Auckland,-36.8485,174.7633,New Zealand,2,391,244,Away,"1950, 1990",2304,-35.2809,149.13
Vancouver,49.2827,-123.1207,Canada,1,78,48,Away,1954,12747,-35.2809,149.13
Cardiff,51.4816,-3.1791,Wales,1,104,66,Away,1958,17172,-35.2809,149.13
Perth,-31.9523,115.8613,Australia,1,207,105,Home,1962,3088,-35.2809,149.13
Kingston,17.9714,-76.7931,Jamaica,1,101,73,Away,1966,15114,-35.2809,149.13
Edinburgh,55.9533,-3.1883,Scotland,2,334,203,Away,"1970, 1986",16906,-35.2809,149.13
Christchurch,-43.5321,172.6362,New Zealand,1,162,82,Away,1974,2208,-35.2809,149.13
Edmonton,53.5461,-113.4938,Canada,1,148,84,Away,1978,13543,-35.2809,149.13
Brisbane,-27.4698,153.0251,Australia,1,206,107,Home,1982,944,-35.2809,149.13
Victoria,48.4284,-123.3656,Canada,1,245,182,Away,1994,12689,-35.2809,149.13
Kuala Lumpur,3.139,101.6869,Malaysia,1,318,198,Away,1998,6526,-35.2809,149.13
Manchester,53.4808,-2.2426,England,1,352,207,Away,2002,17007,-35.2809,149.13
Melbourne,-37.8136,144.9631,Australia,1,417,221,Home,2006,467,-35.2809,149.13
Delhi,28.6139,77.209,India,1,366,177,Away,2010,10353,-35.2809,149.13
Glasgow,55.8642,-4.2518,Scotland,2,669,308,Away,"2014, 2026",16966,-35.2809,149.13
Gold Coast,-28.0167,153.4,Australia,1,473,198,Home,2018,903,-35.2809,149.13
Birmingham,52.4862,-1.8904,England,1,429,180,Away,2022,17041,-35.2809,149.13
