year,code,nation,gold,silver,bronze,total,rank
1930,ENG,England,25,22,13,60,1
1930,CAN,Canada,20,17,17,54,2
1930,SAF,South Africa,6,4,8,18,3
1930,NZL,New Zealand,3,4,2,9,4
1930,AUS,Australia,3,4,1,8,5
1930,SCO,Scotland,2,2,6,10,6
1930,WAL,Wales,0,2,1,3,7
1930,BGU,British Guiana,0,1,1,2,8
1930,IRE,Ireland,0,1,0,1,9
1934,ENG,England,29,20,24,73,1
1934,CAN,Canada,17,25,9,51,2
1934,AUS,Australia,8,4,2,14,3
1934,RSA,South Africa,7,10,5,22,4
1934,SCO,Scotland,5,4,17,26,5
1934,NZL,New Zealand,1,0,2,3,6
1934,BGU,British Guiana,1,0,0,1,7
1934,WAL,Wales,0,3,3,6,8
1934,NIR,Northern Ireland,0,1,2,3,9
1934,JAM,Jamaica,0,1,1,2,10
1934,SRH,Southern Rhodesia,0,0,2,2,11
1934,IND,India,0,0,1,1,12
1938,AUS,Australia,25,19,22,66,1
1938,ENG,England,15,15,10,40,2
1938,CAN,Canada,13,16,15,44,3
1938,SAF,South Africa,10,10,6,26,4
1938,NZL,New Zealand,5,7,13,25,5
1938,WAL,Wales,2,1,0,3,6
1938,CEY,Ceylon,1,0,0,1,7
1938,SCO,Scotland,0,2,3,5,8
1938,BGU,British Guiana,0,1,0,1,9
1938,SRH,Southern Rhodesia,0,0,2,2,10
1950,AUS,Australia,34,27,19,80,1
1950,ENG,England,19,16,13,48,2
1950,NZL,New Zealand,10,22,21,53,3
1950,CAN,Canada,8,9,13,30,4
1950,SAF,South Africa,8,4,8,20,5
1950,SCO,Scotland,5,3,2,10,6
1950,MAL,Malaya,2,1,1,4,7
1950,FIJ,Fiji,1,2,2,5,8
1950,CEY,Ceylon,1,2,1,4,9
1950,NGR,Nigeria,0,1,0,1,10
1950,WAL,Wales,0,1,0,1,10
1950,SRH,Southern Rhodesia,0,1,0,1,10
1954,ENG,England,23,24,20,67,1
1954,AUS,Australia,20,11,17,48,2
1954,SAF,South Africa,16,6,13,35,3
1954,CAN,Canada,9,20,14,43,4
1954,NZL,New Zealand,7,7,5,19,5
1954,SCO,Scotland,6,2,5,13,6
1954,SRH,Southern Rhodesia,2,2,1,5,7
1954,TTO,Trinidad and Tobago,2,2,0,4,8
1954,NIR,Northern Ireland,2,1,0,3,9
1954,NRH,Northern Rhodesia,1,4,3,8,10
1954,NGR,Nigeria,1,3,3,7,11
1954,PAK,Pakistan,1,3,2,6,12
1954,WAL,Wales,1,1,5,7,13
1954,JAM,Jamaica,1,0,0,1,14
1954,BAR,Barbados,0,1,0,1,15
1954,BHK,British Honduras,0,1,0,1,15
1954,UGA,Uganda,0,1,0,1,15
1954,BGU,British Guiana,0,0,1,1,18
1958,ENG,England,29,22,29,80,1
1958,AUS,Australia,27,22,17,66,2
1958,SAF,South Africa,13,10,8,31,3
1958,SCO,Scotland,5,5,3,13,4
1958,NZL,New Zealand,4,6,9,19,5
1958,JAM,Jamaica,4,2,1,7,6
1958,PAK,Pakistan,3,5,2,10,7
1958,IND,India,2,1,0,3,8
1958,SIN,Singapore,2,0,0,2,9
1958,CAN,Canada,1,10,15,26,10
1958,WAL,Wales,1,3,7,11,11
1958,NIR,Northern Ireland,1,1,3,5,12
1958,BAH,Bahamas,1,1,0,2,13
1958,BAR,Barbados,1,1,0,2,13
1958,MAL,Malaya,0,2,0,2,15
1958,NGR,Nigeria,0,1,1,2,16
1958,BGU,British Guiana,0,1,0,1,17
1958,UGA,Uganda,0,1,0,1,17
1958,SRH,Southern Rhodesia,0,0,2,2,19
1958,KEN,Kenya,0,0,2,2,19
1958,TTO,Trinidad and Tobago,0,0,2,2,19
1958,GHA,Ghana,0,0,1,1,22
1958,IOM,Isle of Man,0,0,1,1,22
1958,NRH,Northern Rhodesia,0,0,1,1,22
1962,AUS,Australia,38,36,31,105,1
1962,ENG,England,29,22,27,78,2
1962,NZL,New Zealand,10,12,10,32,3
1962,PAK,Pakistan,8,1,0,9,4
1962,CAN,Canada,4,12,15,31,5
1962,SCO,Scotland,4,7,3,14,6
1962,GHA,Ghana,3,5,1,9,7
1962,JAM,Jamaica,3,1,1,5,8
1962,KEN,Kenya,2,2,1,5,9
1962,SIN,Singapore,2,0,0,2,10
1962,UGA,Uganda,1,1,4,6,11
1962,FRN,Rhodesia & Nyasaland,0,2,5,7,12
1962,WAL,Wales,0,2,4,6,13
1962,BAH,Bahamas,0,1,0,1,14
1962,FIJ,Fiji,0,0,2,2,15
1962,TTO,Trinidad and Tobago,0,0,2,2,15
1962,BAR,Barbados,0,0,1,1,17
1962,BGU,British Guiana,0,0,1,1,17
1962,JEY,Jersey,0,0,1,1,17
1962,MAL,Malaya,0,0,1,1,17
1962,NIR,Northern Ireland,0,0,1,1,17
1962,PNG,Papua New Guinea,0,0,1,1,17
1966,ENG,England,33,24,23,80,1
1966,AUS,Australia,23,28,22,73,2
1966,CAN,Canada,14,20,23,57,3
1966,NZL,New Zealand,8,5,13,26,4
1966,GHA,Ghana,5,2,2,9,5
1966,TTO,Trinidad and Tobago,5,2,2,9,5
1966,PAK,Pakistan,4,1,4,9,7
1966,KEN,Kenya,4,1,3,8,8
1966,IND,India,3,4,3,10,9
1966,NGR,Nigeria,3,4,3,10,9
1966,WAL,Wales,3,2,2,7,11
1966,MAS,Malaysia,2,2,1,5,12
1966,SCO,Scotland,1,4,4,9,13
1966,NIR,Northern Ireland,1,3,3,7,14
1966,IOM,Isle of Man,1,0,0,1,15
1966,JAM,Jamaica,0,4,8,12,16
1966,BER,Bermuda,0,1,0,1,17
1966,BAH,Bahamas,0,1,0,1,17
1966,GUY,Guyana,0,1,0,1,17
1966,PNG,Papua New Guinea,0,1,0,1,17
1966,UGA,Uganda,0,0,3,3,21
1966,BAR,Barbados,0,0,1,1,22
1970,AUS,Australia,36,24,22,82,1
1970,ENG,England,27,25,32,84,2
1970,CAN,Canada,18,24,24,66,3
1970,SCO,Scotland,6,8,11,25,4
1970,KEN,Kenya,5,3,6,14,5
1970,IND,India,5,3,4,12,6
1970,PAK,Pakistan,4,3,2,9,7
1970,JAM,Jamaica,4,2,1,7,8
1970,UGA,Uganda,3,3,1,7,9
1970,NIR,Northern Ireland,3,1,5,9,10
1970,NZL,New Zealand,2,6,6,14,11
1970,WAL,Wales,2,6,4,12,12
1970,GHA,Ghana,2,3,2,7,13
1970,NGR,Nigeria,2,0,0,2,14
1970,MAS,Malaysia,1,1,1,3,15
1970,BHK,British Honduras,1,0,0,1,16
1970,TTO,Trinidad and Tobago,0,4,3,7,17
1970,ZAM,Zambia,0,2,2,4,18
1970,SIN,Singapore,0,1,1,2,19
1970,BAR,Barbados,0,1,0,1,20
1970,TAN,Tanzania,0,1,0,1,20
1970,FIJ,Fiji,0,0,1,1,22
1970,GAM,The Gambia,0,0,1,1,22
1970,GUY,Guyana,0,0,1,1,22
1970,IOM,Isle of Man,0,0,1,1,22
1970,MAW,Malawi,0,0,1,1,22
1970,VIN,Saint Vincent,0,0,1,1,22
1974,AUS,Australia,29,28,25,82,1
1974,ENG,England,28,31,21,80,2
1974,CAN,Canada,25,19,18,62,3
1974,NZL,New Zealand,9,8,18,35,4
1974,KEN,Kenya,7,2,9,18,5
1974,IND,India,4,8,3,15,6
1974,SCO,Scotland,3,5,11,19,7
1974,NGR,Nigeria,3,3,4,10,8
1974,NIR,Northern Ireland,3,1,2,6,9
1974,UGA,Uganda,2,4,3,9,10
1974,JAM,Jamaica,2,1,0,3,11
1974,WAL,Wales,1,5,4,10,12
1974,GHA,Ghana,1,3,5,9,13
1974,ZAM,Zambia,1,1,1,3,14
1974,MAS,Malaysia,1,0,3,4,15
1974,TAN,Tanzania,1,0,1,2,16
1974,SVG,Saint Vincent,1,0,0,1,17
1974,TRI,Trinidad and Tobago,0,1,1,2,18
1974,WSM,Samoa,0,1,1,2,18
1974,SIN,Singapore,0,0,1,1,20
1974,SWZ,Eswatini,0,0,1,1,20
1978,CAN,Canada,45,31,33,109,1
1978,ENG,England,27,28,32,87,2
1978,AUS,Australia,24,33,27,84,3
1978,KEN,Kenya,7,6,5,18,4
1978,NZL,New Zealand,5,6,9,20,5
1978,IND,India,5,4,6,15,6
1978,SCO,Scotland,3,6,5,14,7
1978,JAM,Jamaica,2,2,3,7,8
1978,WAL,Wales,2,1,5,8,9
1978,NIR,Northern Ireland,2,1,2,5,10
1978,HKG,Hong Kong,2,0,0,2,11
1978,MAS,Malaysia,1,2,1,4,12
1978,GHA,Ghana,1,1,1,3,13
1978,GUY,Guyana,1,1,1,3,13
1978,TAN,Tanzania,1,1,0,2,15
1978,TTO,Trinidad and Tobago,0,2,2,4,16
1978,ZAM,Zambia,0,2,2,4,16
1978,BAH,Bahamas,0,1,0,1,18
1978,PNG,Papua New Guinea,0,1,0,1,18
1978,WSM,Samoa,0,0,3,3,20
1978,IOM,Isle of Man,0,0,1,1,21
1982,AUS,Australia,39,39,29,107,1
1982,ENG,England,38,38,32,108,2
1982,CAN,Canada,26,23,33,82,3
1982,SCO,Scotland,8,6,12,26,4
1982,NZL,New Zealand,5,8,13,26,5
1982,IND,India,5,8,3,16,6
1982,NGR,Nigeria,5,0,8,13,7
1982,WAL,Wales,4,4,1,9,8
1982,KEN,Kenya,4,2,4,10,9
1982,BAH,Bahamas,2,2,2,6,10
1982,JAM,Jamaica,2,1,1,4,11
1982,TAN,Tanzania,1,2,2,5,12
1982,MAS,Malaysia,1,0,1,2,13
1982,HKG,Hong Kong,1,0,0,1,14
1982,FIJ,Fiji,1,0,0,1,14
1982,ZIM,Zimbabwe,1,0,0,1,14
1982,NIR,Northern Ireland,0,3,3,6,17
1982,UGA,Uganda,0,3,0,3,18
1982,ZAM,Zambia,0,1,5,6,19
1982,GUE,Guernsey,0,1,1,2,20
1982,BER,Bermuda,0,0,1,1,21
1982,SIN,Singapore,0,0,1,1,21
1982,SWZ,Eswatini,0,0,1,1,21
1986,ENG,England,52,43,49,144,1
1986,CAN,Canada,51,34,31,116,2
1986,AUS,Australia,40,46,35,121,3
1986,NZL,New Zealand,8,16,14,38,4
1986,WAL,Wales,6,5,11,22,5
1986,SCO,Scotland,3,12,18,33,6
1986,NIR,Northern Ireland,2,4,9,15,7
1986,IOM,Isle of Man,1,0,0,1,8
1986,GUE,Guernsey,0,2,0,2,9
1986,SWZ,Eswatini,0,1,0,1,10
1986,HKG,Hong Kong,0,0,2,2,11
1986,MAW,Malawi,0,0,2,2,11
1986,BOT,Botswana,0,0,1,1,13
1986,JEY,Jersey,0,0,1,1,13
1986,SIN,Singapore,0,0,1,1,13
1990,AUS,Australia,52,54,58,164,1
1990,ENG,England,47,40,42,129,2
1990,CAN,Canada,36,42,38,116,3
1990,NZL,New Zealand,17,14,27,58,4
1990,IND,India,13,8,11,32,5
1990,WAL,Wales,10,3,12,25,6
1990,KEN,Kenya,6,9,3,18,7
1990,NGR,Nigeria,5,13,7,25,8
1990,SCO,Scotland,5,7,10,22,9
1990,MAS,Malaysia,2,2,0,4,10
1990,JAM,Jamaica,2,0,2,4,11
1990,UGA,Uganda,2,0,2,4,11
1990,NIR,Northern Ireland,1,3,5,9,13
1990,NRU,Nauru,1,2,0,3,14
1990,HKG,Hong Kong,1,1,3,5,15
1990,CYP,Cyprus,1,1,0,2,16
1990,BAN,Bangladesh,1,0,1,2,17
1990,JEY,Jersey,1,0,1,2,17
1990,BER,Bermuda,1,0,0,1,19
1990,GUE,Guernsey,1,0,0,1,19
1990,PNG,Papua New Guinea,1,0,0,1,19
1990,ZIM,Zimbabwe,0,2,1,3,22
1990,GHA,Ghana,0,2,0,2,23
1990,TAN,Tanzania,0,1,2,3,24
1990,ZAM,Zambia,0,0,3,3,25
1990,BAH,Bahamas,0,0,2,2,26
1990,WSM,Samoa,0,0,2,2,26
1990,GUY,Guyana,0,0,1,1,28
1990,MLT,Malta,0,0,1,1,28
1994,AUS,Australia,87,52,43,182,1
1994,CAN,Canada,40,42,46,128,2
1994,ENG,England,31,45,49,125,3
1994,NGR,Nigeria,11,13,13,37,4
1994,KEN,Kenya,7,4,5,16,5
1994,IND,India,6,11,7,24,6
1994,SCO,Scotland,6,3,11,20,7
1994,NZL,New Zealand,5,16,20,41,8
1994,WAL,Wales,5,8,6,19,9
1994,NIR,Northern Ireland,5,2,3,10,10
1994,NRU,Nauru,3,0,0,3,11
1994,SAF,South Africa,2,4,5,11,12
1994,JAM,Jamaica,2,4,2,8,13
1994,MAS,Malaysia,2,3,2,7,14
1994,CYP,Cyprus,2,1,2,5,15
1994,SRI,Sri Lanka,1,2,0,3,16
1994,ZAM,Zambia,1,1,2,4,17
1994,NAM,Namibia,1,0,1,2,18
1994,ZIM,Zimbabwe,0,3,3,6,19
1994,PNG,Papua New Guinea,0,1,0,1,20
1994,WSM,Samoa,0,1,0,1,20
1994,HKG,Hong Kong,0,0,4,4,22
1994,PAK,Pakistan,0,0,3,3,23
1994,TTO,Trinidad and Tobago,0,0,2,2,24
1994,UGA,Uganda,0,0,2,2,24
1994,GHA,Ghana,0,0,1,1,26
1994,BER,Bermuda,0,0,1,1,26
1994,BOT,Botswana,0,0,1,1,26
1994,GUE,Guernsey,0,0,1,1,26
1994,NFK,Norfolk Island,0,0,1,1,26
1994,SEY,Seychelles,0,0,1,1,26
1994,TAN,Tanzania,0,0,1,1,26
1994,TON,Tonga,0,0,1,1,26
1998,AUS,Australia,80,61,57,198,1
1998,ENG,England,36,47,53,136,2
1998,CAN,Canada,30,31,38,99,3
1998,MAS,Malaysia,10,14,12,36,4
1998,RSA,South Africa,9,11,13,33,5
1998,NZL,New Zealand,8,6,20,34,6
1998,IND,India,7,10,8,25,7
1998,KEN,Kenya,7,5,4,16,8
1998,JAM,Jamaica,4,2,0,6,9
1998,WAL,Wales,3,4,9,16,10
1998,SCO,Scotland,3,2,7,12,11
1998,NRU,Nauru,3,0,0,3,12
1998,NIR,Northern Ireland,2,1,2,5,13
1998,ZIM,Zimbabwe,2,0,3,5,14
1998,GHA,Ghana,1,1,3,5,15
1998,MRI,Mauritius,1,1,2,4,16
1998,CYP,Cyprus,1,1,1,3,17
1998,TAN,Tanzania,1,1,1,3,17
1998,TRI,Trinidad and Tobago,1,1,1,3,17
1998,BAH,Bahamas,1,1,0,2,20
1998,MOZ,Mozambique,1,1,0,2,20
1998,BAR,Barbados,1,0,2,3,22
1998,LES,Lesotho,1,0,0,1,23
1998,CMR,Cameroon,0,3,3,6,24
1998,NAM,Namibia,0,2,1,3,25
1998,SEY,Seychelles,0,2,0,2,26
1998,SRI,Sri Lanka,0,1,1,2,27
1998,PAK,Pakistan,0,1,0,1,28
1998,BER,Bermuda,0,1,0,1,28
1998,FIJ,Fiji,0,1,0,1,28
1998,IOM,Isle of Man,0,1,0,1,28
1998,PNG,Papua New Guinea,0,0,1,1,32
1998,UGA,Uganda,0,0,1,1,32
1998,ZAM,Zambia,0,0,1,1,32
2002,AUS,Australia,82,62,63,207,1
2002,ENG,England,54,51,60,165,2
2002,CAN,Canada,31,41,44,116,3
2002,IND,India,30,22,17,69,4
2002,NZL,New Zealand,11,13,21,45,5
2002,RSA,South Africa,9,20,17,46,6
2002,CMR,Cameroon,9,1,2,12,7
2002,MAS,Malaysia,7,9,18,34,8
2002,WAL,Wales,6,13,12,31,9
2002,SCO,Scotland,6,8,16,30,10
2002,NGR,Nigeria,5,3,11,19,11
2002,KEN,Kenya,4,8,4,16,12
2002,JAM,Jamaica,4,6,7,17,13
2002,SIN,Singapore,4,2,7,13,14
2002,BAH,Bahamas,4,0,4,8,15
2002,NRU,Nauru,2,5,8,15,16
2002,NIR,Northern Ireland,2,2,1,5,17
2002,CYP,Cyprus,2,1,1,4,18
2002,PAK,Pakistan,1,3,4,8,19
2002,FIJ,Fiji,1,1,1,3,20
2002,ZAM,Zambia,1,1,1,3,20
2002,ZIM,Zimbabwe,1,1,0,2,22
2002,NAM,Namibia,1,0,4,5,23
2002,TAN,Tanzania,1,0,1,2,24
2002,BAN,Bangladesh,1,0,0,1,25
2002,GUY,Guyana,1,0,0,1,25
2002,MOZ,Mozambique,1,0,0,1,25
2002,SKN,Saint Kitts and Nevis,1,0,0,1,25
2002,BOT,Botswana,0,2,1,3,29
2002,UGA,Uganda,0,2,0,2,30
2002,SAM,Samoa,0,1,2,3,31
2002,TRI,Trinidad and Tobago,0,1,0,1,32
2002,BAR,Barbados,0,0,1,1,33
2002,CAY,Cayman Islands,0,0,1,1,33
2002,GHA,Ghana,0,0,1,1,33
2002,LES,Lesotho,0,0,1,1,33
2002,MLT,Malta,0,0,1,1,33
2002,MRI,Mauritius,0,0,1,1,33
2002,LCA,Saint Lucia,0,0,1,1,33
2006,AUS,Australia,84,70,67,221,1
2006,ENG,England,36,40,35,111,2
2006,CAN,Canada,26,28,32,86,3
2006,IND,India,22,17,11,50,4
2006,RSA,South Africa,12,13,13,38,5
2006,SCO,Scotland,11,7,11,29,6
2006,JAM,Jamaica,10,4,8,22,7
2006,MAS,Malaysia,7,12,10,29,8
2006,NZL,New Zealand,6,12,13,31,9
2006,KEN,Kenya,6,5,7,18,10
2006,SIN,Singapore,5,6,7,18,11
2006,NGR,Nigeria,4,6,7,17,12
2006,WAL,Wales,3,5,11,19,13
2006,CYP,Cyprus,3,1,2,6,14
2006,GHA,Ghana,2,0,1,3,15
2006,UGA,Uganda,2,0,1,3,15
2006,PAK,Pakistan,1,3,1,5,17
2006,PNG,Papua New Guinea,1,1,0,2,18
2006,IOM,Isle of Man,1,0,1,2,19
2006,NAM,Namibia,1,0,1,2,19
2006,TAN,Tanzania,1,0,1,2,19
2006,SRI,Sri Lanka,1,0,0,1,22
2006,MRI,Mauritius,0,3,0,3,23
2006,BAH,Bahamas,0,2,0,2,24
2006,NIR,Northern Ireland,0,2,0,2,24
2006,CMR,Cameroon,0,1,2,3,26
2006,BOT,Botswana,0,1,1,2,27
2006,MLT,Malta,0,1,1,2,27
2006,NRU,Nauru,0,1,1,2,27
2006,BAN,Bangladesh,0,1,0,1,30
2006,GRN,Grenada,0,1,0,1,30
2006,LES,Lesotho,0,1,0,1,30
2006,TRI,Trinidad and Tobago,0,0,3,3,33
2006,SEY,Seychelles,0,0,2,2,34
2006,BAR,Barbados,0,0,1,1,35
2006,FIJ,Fiji,0,0,1,1,35
2006,MOZ,Mozambique,0,0,1,1,35
2006,SAM,Samoa,0,0,1,1,35
2006,SWZ,Eswatini,0,0,1,1,35
2010,AUS,Australia,74,55,48,177,1
2010,IND,India,38,27,36,101,2
2010,ENG,England,37,60,45,142,3
2010,CAN,Canada,26,17,34,77,4
2010,KEN,Kenya,12,11,10,33,5
2010,RSA,South Africa,12,11,10,33,5
2010,MAS,Malaysia,12,10,14,36,7
2010,SIN,Singapore,11,11,9,31,8
2010,NGR,Nigeria,11,8,14,33,9
2010,SCO,Scotland,9,10,7,26,10
2010,NZL,New Zealand,6,22,8,36,11
2010,CYP,Cyprus,4,3,4,11,12
2010,WAL,Wales,3,6,10,19,13
2010,NIR,Northern Ireland,3,3,4,10,14
2010,SAM,Samoa,3,0,1,4,15
2010,JAM,Jamaica,2,4,1,7,16
2010,PAK,Pakistan,2,1,2,5,17
2010,UGA,Uganda,2,0,0,2,18
2010,BAH,Bahamas,1,1,4,6,19
2010,BOT,Botswana,1,1,2,4,20
2010,NRU,Nauru,1,1,0,2,21
2010,CAY,Cayman Islands,1,0,0,1,22
2010,SVG,Saint Vincent,1,0,0,1,22
2010,TRI,Trinidad and Tobago,0,4,2,6,24
2010,CMR,Cameroon,0,2,4,6,25
2010,GHA,Ghana,0,1,3,4,26
2010,NAM,Namibia,0,1,2,3,27
2010,SRI,Sri Lanka,0,1,1,2,28
2010,PNG,Papua New Guinea,0,1,0,1,29
2010,SEY,Seychelles,0,1,0,1,29
2010,GUY,Guyana,0,1,0,1,29
2010,IOM,Isle of Man,0,0,2,2,32
2010,MRI,Mauritius,0,0,2,2,32
2010,TON,Tonga,0,0,2,2,32
2010,BAN,Bangladesh,0,0,1,1,35
2010,LCA,Saint Lucia,0,0,1,1,35
2014,ENG,England,58,59,57,174,1
2014,AUS,Australia,49,42,46,137,2
2014,CAN,Canada,32,16,34,82,3
2014,SCO,Scotland,19,15,19,53,4
2014,IND,India,15,30,19,64,5
2014,NZL,New Zealand,14,14,17,45,6
2014,RSA,South Africa,13,10,17,40,7
2014,NGR,Nigeria,11,11,14,36,8
2014,KEN,Kenya,10,10,5,25,9
2014,JAM,Jamaica,10,4,8,22,10
2014,SIN,Singapore,8,5,4,17,11
2014,MAS,Malaysia,6,7,6,19,12
2014,WAL,Wales,5,11,20,36,13
2014,CYP,Cyprus,2,4,2,8,14
2014,NIR,Northern Ireland,2,3,7,12,15
2014,PNG,Papua New Guinea,2,0,0,2,16
2014,CMR,Cameroon,1,3,3,7,17
2014,UGA,Uganda,1,0,4,5,18
2014,GRN,Grenada,1,0,1,2,19
2014,BOT,Botswana,1,0,0,1,20
2014,KIR,Kiribati,1,0,0,1,20
2014,TRI,Trinidad and Tobago,0,3,5,8,22
2014,PAK,Pakistan,0,3,1,4,23
2014,BAH,Bahamas,0,2,1,3,24
2014,SAM,Samoa,0,2,1,3,24
2014,NAM,Namibia,0,1,2,3,26
2014,MOZ,Mozambique,0,1,1,2,27
2014,MRI,Mauritius,0,1,1,2,27
2014,BAN,Bangladesh,0,1,0,1,29
2014,IOM,Isle of Man,0,1,0,1,29
2014,NRU,Nauru,0,1,0,1,29
2014,SRI,Sri Lanka,0,1,0,1,29
2014,GHA,Ghana,0,0,2,2,33
2014,ZAM,Zambia,0,0,2,2,33
2014,BAR,Barbados,0,0,1,1,35
2014,FIJ,Fiji,0,0,1,1,35
2014,LCA,Saint Lucia,0,0,1,1,35
2018,AUS,Australia,80,59,59,198,1
2018,ENG,England,45,45,46,136,2
2018,IND,India,26,20,20,66,3
2018,CAN,Canada,15,40,27,82,4
2018,NZL,New Zealand,15,16,15,46,5
2018,RSA,South Africa,13,11,13,37,6
2018,WAL,Wales,10,12,14,36,7
2018,SCO,Scotland,9,13,22,44,8
2018,NGR,Nigeria,9,9,6,24,9
2018,CYP,Cyprus,8,1,5,14,10
2018,JAM,Jamaica,7,9,11,27,11
2018,MAS,Malaysia,7,5,12,24,12
2018,SGP,Singapore,5,2,2,9,13
2018,KEN,Kenya,4,7,6,17,14
2018,UGA,Uganda,3,1,2,6,15
2018,BOT,Botswana,3,1,1,5,16
2018,SAM,Samoa,2,3,0,5,17
2018,TTO,Trinidad and Tobago,2,1,0,3,18
2018,NAM,Namibia,2,0,0,2,19
2018,NIR,Northern Ireland,1,7,4,12,20
2018,BAH,Bahamas,1,3,0,4,21
2018,PNG,Papua New Guinea,1,2,0,3,22
2018,FIJ,Fiji,1,1,2,4,23
2018,PAK,Pakistan,1,0,4,5,24
2018,GRN,Grenada,1,0,1,2,25
2018,BER,Bermuda,1,0,0,1,26
2018,GUY,Guyana,1,0,0,1,26
2018,IVB,British Virgin Islands,1,0,0,1,26
2018,LCA,Saint Lucia,1,0,0,1,26
2018,BAN,Bangladesh,0,2,0,2,30
2018,SRI,Sri Lanka,0,1,5,6,31
2018,CMR,Cameroon,0,1,2,3,32
2018,DMA,Dominica,0,1,1,2,33
2018,IOM,Isle of Man,0,1,0,1,34
2018,MRI,Mauritius,0,1,0,1,34
2018,NRU,Nauru,0,1,0,1,34
2018,MLT,Malta,0,0,2,2,37
2018,VAN,Vanuatu,0,0,2,2,37
2018,COK,Cook Islands,0,0,1,1,39
2018,GHA,Ghana,0,0,1,1,39
2018,NFI,Norfolk Island,0,0,1,1,39
2018,SEY,Seychelles,0,0,1,1,39
2018,SOL,Solomon Islands,0,0,1,1,39
2022,AUS,Australia,67,57,56,180,1
2022,ENG,England,58,65,53,176,2
2022,CAN,Canada,26,32,34,92,3
2022,IND,India,21,16,23,60,4
2022,NZL,New Zealand,20,12,18,50,5
2022,SCO,Scotland,13,12,26,51,6
2022,NGR,Nigeria,12,8,14,34,7
2022,WAL,Wales,8,6,14,28,8
2022,RSA,South Africa,7,9,11,27,9
2022,MAS,Malaysia,7,8,8,23,10
2022,NIR,Northern Ireland,7,7,4,18,11
2022,JAM,Jamaica,6,7,2,15,12
2022,KEN,Kenya,6,5,10,21,13
2022,SGP,Singapore,4,4,4,12,14
2022,TTO,Trinidad and Tobago,3,2,1,6,15
2022,UGA,Uganda,3,0,2,5,16
2022,CYP,Cyprus,2,3,6,11,17
2022,PAK,Pakistan,2,3,2,7,18
2022,SAM,Samoa,1,4,0,5,19
2022,CMR,Cameroon,1,1,1,3,20
2022,BAR,Barbados,1,1,1,3,20
2022,ZAM,Zambia,1,1,1,3,20
2022,GRN,Grenada,1,1,0,2,23
2022,BAH,Bahamas,1,1,0,2,23
2022,BER,Bermuda,1,0,1,2,25
2022,IVB,British Virgin Islands,1,0,0,1,26
2022,MRI,Mauritius,0,3,2,5,27
2022,GHA,Ghana,0,2,3,5,28
2022,FIJ,Fiji,0,2,2,4,29
2022,MOZ,Mozambique,0,2,1,3,30
2022,SRI,Sri Lanka,0,1,3,4,31
2022,TAN,Tanzania,0,1,2,3,32
2022,GGY,Guernsey,0,1,1,2,33
2022,BOT,Botswana,0,1,1,2,33
2022,LCA,Saint Lucia,0,1,0,1,35
2022,DMA,Dominica,0,1,0,1,35
2022,PNG,Papua New Guinea,0,1,0,1,35
2022,GAM,The Gambia,0,1,0,1,35
2022,NAM,Namibia,0,0,4,4,39
2022,MLT,Malta,0,0,1,1,40
2022,NIU,Niue,0,0,1,1,40
2022,NRU,Nauru,0,0,1,1,40
2022,VAN,Vanuatu,0,0,1,1,40
2026,AUS,Australia,70,45,56,171,1
2026,ENG,England,29,45,36,110,2
2026,CAN,Canada,19,20,23,62,3
2026,IND,India,13,17,9,39,4
2026,SCO,Scotland,13,9,17,39,5
2026,NZL,New Zealand,10,14,12,36,6
2026,NGR,Nigeria,10,7,7,24,7
2026,JAM,Jamaica,10,4,5,19,8
2026,WAL,Wales,9,10,12,31,9
2026,MAS,Malaysia,8,3,5,16,10
2026,RSA,South Africa,7,11,10,28,11
2026,NIR,Northern Ireland,3,4,9,16,12
2026,KEN,Kenya,3,4,5,12,13
2026,CYP,Cyprus,1,5,6,12,14
2026,MRI,Mauritius,1,2,1,4,15
2026,CMR,Cameroon,1,1,3,5,16
2026,JEY,Jersey,1,1,0,2,17
2026,SAM,Samoa,1,1,0,2,17
2026,SRI,Sri Lanka,1,1,0,2,17
2026,BAH,Bahamas,1,0,1,2,20
2026,FIJ,Fiji,1,0,1,2,20
2026,IOM,Isle of Man,1,0,1,2,20
2026,IVB,British Virgin Islands,1,0,0,1,23
2026,DMA,Dominica,1,0,0,1,23
2026,GRN,Grenada,1,0,0,1,23
2026,TTO,Trinidad and Tobago,0,3,4,7,26
2026,UGA,Uganda,0,2,1,3,27
2026,SGP,Singapore,0,2,0,2,28
2026,NAM,Namibia,0,1,2,3,29
2026,GHA,Ghana,0,1,1,2,30
2026,BAR,Barbados,0,1,0,1,31
2026,GUE,Guernsey,0,1,0,1,31
2026,LES,Lesotho,0,0,2,2,33
2026,NRU,Nauru,0,0,2,2,33
2026,ZAM,Zambia,0,0,2,2,33
2026,BER,Bermuda,0,0,1,1,36
2026,GAB,Gabon,0,0,1,1,36
2026,GAM,The Gambia,0,0,1,1,36
2026,MLT,Malta,0,0,1,1,36
2026,NFK,Norfolk Island,0,0,1,1,36
2026,PAK,Pakistan,0,0,1,1,36
2026,PNG,Papua New Guinea,0,0,1,1,36
2026,RWA,Rwanda,0,0,1,1,36
2026,TGA,Tonga,0,0,1,1,36
2026,TUV,Tuvalu,0,0,1,1,36
