year,code,gu,nation,gold,silver,bronze,total,rank,population,pop_source,per_million,primary
2022,AUS,AUS,Australia,67,57,56,180,1,27194286,World Bank 2024,6.619,1
2022,ENG,ENG,England,58,65,53,176,2,58620101,ONS mid-2024,3.0024,1
2022,CAN,CAN,Canada,26,32,34,92,3,41262329,World Bank 2024,2.2296,1
2022,IND,IND,India,21,16,23,60,4,1450935791,World Bank 2024,0.0414,1
2022,NZL,NZL,New Zealand,20,12,18,50,5,5290000,World Bank 2024,9.4518,1
2022,SCO,SCT,Scotland,13,12,26,51,6,5546900,ONS mid-2024,9.1943,1
2022,NGR,NGA,Nigeria,12,8,14,34,7,232679478,World Bank 2024,0.1461,1
2022,WAL,WLS,Wales,8,6,14,28,8,3186581,ONS mid-2024,8.7868,1
2022,RSA,ZAF,South Africa,7,9,11,27,9,64007187,World Bank 2024,0.4218,1
2022,MAS,MYS,Malaysia,7,8,8,23,10,35557673,World Bank 2024,0.6468,1
2022,NIR,NIR,Northern Ireland,7,7,4,18,11,1927855,ONS mid-2024,9.3368,1
2022,JAM,JAM,Jamaica,6,7,2,15,12,2839175,World Bank 2024,5.2832,1
2022,KEN,KEN,Kenya,6,5,10,21,13,56432944,World Bank 2024,0.3721,1
2022,SGP,SGP,Singapore,4,4,4,12,14,6036860,World Bank 2024,1.9878,1
2022,TTO,TTO,Trinidad and Tobago,3,2,1,6,15,1368333,World Bank 2024,4.3849,1
2022,UGA,UGA,Uganda,3,0,2,5,16,50015092,World Bank 2024,0.1,1
2022,CYP,CYP,Cyprus,2,3,6,11,17,1358282,World Bank 2024,8.0985,1
2022,PAK,PAK,Pakistan,2,3,2,7,18,251269164,World Bank 2024,0.0279,1
2022,SAM,WSM,Samoa,1,4,0,5,19,218019,World Bank 2024,22.9338,1
2022,CMR,CMR,Cameroon,1,1,1,3,20,29123744,World Bank 2024,0.103,1
2022,BAR,BRB,Barbados,1,1,1,3,20,282467,World Bank 2024,10.6207,1
2022,ZAM,ZMB,Zambia,1,1,1,3,20,21314956,World Bank 2024,0.1407,1
2022,GRN,GRD,Grenada,1,1,0,2,23,117207,World Bank 2024,17.0638,1
2022,BAH,BHS,Bahamas,1,1,0,2,23,401283,World Bank 2024,4.984,1
2022,BER,BMU,Bermuda,1,0,1,2,25,64636,World Bank 2024,30.9425,1
2022,IVB,VGB,British Virgin Islands,1,0,0,1,26,39471,World Bank 2024,25.3351,1
2022,MRI,MUS,Mauritius,0,3,2,5,27,1245779,World Bank 2024,4.0136,1
2022,GHA,GHA,Ghana,0,2,3,5,28,34427414,World Bank 2024,0.1452,1
2022,FIJ,FJI,Fiji,0,2,2,4,29,928784,World Bank 2024,4.3067,1
2022,MOZ,MOZ,Mozambique,0,2,1,3,30,34631766,World Bank 2024,0.0866,1
2022,SRI,LKA,Sri Lanka,0,1,3,4,31,21916000,World Bank 2024,0.1825,1
2022,TAN,TZA,Tanzania,0,1,2,3,32,68560157,World Bank 2024,0.0438,1
2022,GGY,GGY,Guernsey,0,1,1,2,33,62792,Natural Earth estimate,31.8512,1
2022,BOT,BWA,Botswana,0,1,1,2,33,2521139,World Bank 2024,0.7933,1
2022,LCA,LCA,Saint Lucia,0,1,0,1,35,179744,World Bank 2024,5.5635,1
2022,DMA,DMA,Dominica,0,1,0,1,35,66205,World Bank 2024,15.1046,1
2022,PNG,PNX,Papua New Guinea,0,1,0,1,35,10576502,World Bank 2024,0.0945,1
2022,GAM,GMB,The Gambia,0,1,0,1,35,2759988,World Bank 2024,0.3623,1
2022,NAM,NAM,Namibia,0,0,4,4,39,3030131,World Bank 2024,1.3201,1
2022,MLT,MLT,Malta,0,0,1,1,40,568847,World Bank 2024,1.7579,1
2022,NIU,NIU,Niue,0,0,1,1,40,1620,Natural Earth estimate,617.284,1
2022,NRU,NRU,Nauru,0,0,1,1,40,11947,World Bank 2024,83.703,1
2022,VAN,VUT,Vanuatu,0,0,1,1,40,327777,World Bank 2024,3.0509,1
2026,AUS,AUS,Australia,70,45,56,171,1,27194286,World Bank 2024,6.2881,1
2026,ENG,ENG,England,29,45,36,110,2,58620101,ONS mid-2024,1.8765,1
2026,CAN,CAN,Canada,19,20,23,62,3,41262329,World Bank 2024,1.5026,1
2026,IND,IND,India,13,17,9,39,4,1450935791,World Bank 2024,0.0269,1
2026,SCO,SCT,Scotland,13,9,17,39,5,5546900,ONS mid-2024,7.031,1
2026,NZL,NZL,New Zealand,10,14,12,36,6,5290000,World Bank 2024,6.8053,1
2026,NGR,NGA,Nigeria,10,7,7,24,7,232679478,World Bank 2024,0.1031,1
2026,JAM,JAM,Jamaica,10,4,5,19,8,2839175,World Bank 2024,6.6921,1
2026,WAL,WLS,Wales,9,10,12,31,9,3186581,ONS mid-2024,9.7283,1
2026,MAS,MYS,Malaysia,8,3,5,16,10,35557673,World Bank 2024,0.45,1
2026,RSA,ZAF,South Africa,7,11,10,28,11,64007187,World Bank 2024,0.4375,1
2026,NIR,NIR,Northern Ireland,3,4,9,16,12,1927855,ONS mid-2024,8.2994,1
2026,KEN,KEN,Kenya,3,4,5,12,13,56432944,World Bank 2024,0.2126,1
2026,CYP,CYP,Cyprus,1,5,6,12,14,1358282,World Bank 2024,8.8347,1
2026,MRI,MUS,Mauritius,1,2,1,4,15,1245779,World Bank 2024,3.2108,1
2026,CMR,CMR,Cameroon,1,1,3,5,16,29123744,World Bank 2024,0.1717,1
2026,JEY,JEY,Jersey,1,1,0,2,17,107800,Natural Earth estimate,18.5529,1
2026,SAM,WSM,Samoa,1,1,0,2,17,218019,World Bank 2024,9.1735,1
2026,SRI,LKA,Sri Lanka,1,1,0,2,17,21916000,World Bank 2024,0.0913,1
2026,BAH,BHS,Bahamas,1,0,1,2,20,401283,World Bank 2024,4.984,1
2026,FIJ,FJI,Fiji,1,0,1,2,20,928784,World Bank 2024,2.1534,1
2026,IOM,IMN,Isle of Man,1,0,1,2,20,84160,World Bank 2024,23.7643,1
2026,IVB,VGB,British Virgin Islands,1,0,0,1,23,39471,World Bank 2024,25.3351,1
2026,DMA,DMA,Dominica,1,0,0,1,23,66205,World Bank 2024,15.1046,1
2026,GRN,GRD,Grenada,1,0,0,1,23,117207,World Bank 2024,8.5319,1
2026,TTO,TTO,Trinidad and Tobago,0,3,4,7,26,1368333,World Bank 2024,5.1157,1
2026,UGA,UGA,Uganda,0,2,1,3,27,50015092,World Bank 2024,0.06,1
2026,SGP,SGP,Singapore,0,2,0,2,28,6036860,World Bank 2024,0.3313,1
2026,NAM,NAM,Namibia,0,1,2,3,29,3030131,World Bank 2024,0.9901,1
2026,GHA,GHA,Ghana,0,1,1,2,30,34427414,World Bank 2024,0.0581,1
2026,BAR,BRB,Barbados,0,1,0,1,31,282467,World Bank 2024,3.5402,1
2026,GUE,GGY,Guernsey,0,1,0,1,31,62792,Natural Earth estimate,15.9256,1
2026,LES,LSO,Lesotho,0,0,2,2,33,2337423,World Bank 2024,0.8556,1
2026,NRU,NRU,Nauru,0,0,2,2,33,11947,World Bank 2024,167.406,1
2026,ZAM,ZMB,Zambia,0,0,2,2,33,21314956,World Bank 2024,0.0938,1
2026,BER,BMU,Bermuda,0,0,1,1,36,64636,World Bank 2024,15.4713,1
2026,GAB,GAB,Gabon,0,0,1,1,36,2538952,World Bank 2024,0.3939,1
2026,GAM,GMB,The Gambia,0,0,1,1,36,2759988,World Bank 2024,0.3623,1
2026,MLT,MLT,Malta,0,0,1,1,36,568847,World Bank 2024,1.7579,1
2026,NFK,NFK,Norfolk Island,0,0,1,1,36,2169,Natural Earth estimate,461.042,1
2026,PAK,PAK,Pakistan,0,0,1,1,36,251269164,World Bank 2024,0.004,1
2026,PNG,PNX,Papua New Guinea,0,0,1,1,36,10576502,World Bank 2024,0.0945,1
2026,RWA,RWA,Rwanda,0,0,1,1,36,14256567,World Bank 2024,0.0701,1
2026,TGA,TON,Tonga,0,0,1,1,36,104175,World Bank 2024,9.5992,1
2026,TUV,TUV,Tuvalu,0,0,1,1,36,9646,World Bank 2024,103.6699,1
2022,PNG,PNB,Papua New Guinea,0,1,0,1,35,10576502,World Bank 2024,0.0945,0
2026,PNG,PNB,Papua New Guinea,0,0,1,1,36,10576502,World Bank 2024,0.0945,0
