cg_year,oly_year,athlete,noc,event,sex,oly_medal,cg_medal,i
1970,1968,Amos Biwott,KEN,"Steeplechase (3,000 metres)",Men,gold,Won a Commonwealth medal,0
1970,1968,Dave Hemery,GBR,400 metres Hurdles,Men,gold,Won a Commonwealth medal,1
1970,1968,John Sherwood,GBR,400 metres Hurdles,Men,bronze,Won a Commonwealth medal,2
1970,1968,Kip Keino,KEN,"1,500 metres",Men,gold,Won a Commonwealth medal,3
1970,1968,Lennox Miller,JAM,100 metres,Men,silver,Won a Commonwealth medal,4
1970,1968,Maureen Caird,AUS,100 / 80 metres Hurdles (80 m),Women,gold,Won a Commonwealth medal,5
1970,1968,Pam Kilborn,AUS,100 / 80 metres Hurdles (80 m),Women,silver,Won a Commonwealth medal,6
1970,1968,Raelene Boyle,AUS,200 metres,Women,silver,Won a Commonwealth medal,7
1970,1968,Sheila Sherwood,GBR,Long Jump,Women,silver,Won a Commonwealth medal,8
1970,1968,Benjamin Kogo,KEN,"Steeplechase (3,000 metres)",Men,silver,No Commonwealth medal,9
1970,1968,Jennifer Lamy,AUS,200 metres,Women,bronze,No Commonwealth medal,10
1970,1968,Lillian Board,GBR,400 metres,Women,silver,No Commonwealth medal,11
1970,1968,Naftali Temu,KEN,"10,000 metres",Men,gold,No Commonwealth medal,12
1970,1968,Peter Norman,AUS,200 metres,Men,silver,No Commonwealth medal,13
1970,1968,Ralph Doubell,AUS,800 metres,Men,gold,No Commonwealth medal,14
1970,1968,Wilson Kiprugut,KEN,800 metres,Men,silver,No Commonwealth medal,15
1974,1972,Ben Jipcho,KEN,"Steeplechase (3,000 metres)",Men,silver,Won a Commonwealth medal,0
1974,1972,Mike Boit,KEN,800 metres,Men,bronze,Won a Commonwealth medal,1
1974,1972,Raelene Boyle,AUS,100 metres,Women,silver,Won a Commonwealth medal,2
1974,1972,Dave Hemery,GBR,400 metres Hurdles,Men,bronze,No Commonwealth medal,3
1974,1972,Ian Stewart,GBR,"5,000 metres",Men,bronze,No Commonwealth medal,4
1974,1972,John Akii-Bua,UGA,400 metres Hurdles,Men,gold,No Commonwealth medal,5
1974,1972,Julius Sang,KEN,400 metres,Men,bronze,No Commonwealth medal,6
1974,1972,Kip Keino,KEN,"Steeplechase (3,000 metres)",Men,gold,No Commonwealth medal,7
1974,1972,Lennox Miller,JAM,100 metres,Men,bronze,No Commonwealth medal,8
1974,1972,Rod Dixon,NZL,"1,500 metres",Men,bronze,No Commonwealth medal,9
1978,1976,Brendan Foster,GBR,"10,000 metres",Men,bronze,Won a Commonwealth medal,0
1978,1976,Don Quarrie,JAM,200 metres,Men,gold,Won a Commonwealth medal,1
1978,1976,Greg Joy,CAN,High Jump,Men,silver,Won a Commonwealth medal,2
1978,1976,Hasely Crawford,TTO,100 metres,Men,gold,Won a Commonwealth medal,3
1978,1976,Dick Quax,NZL,"5,000 metres",Men,silver,No Commonwealth medal,4
1978,1976,John Walker,NZL,"1,500 metres",Men,gold,No Commonwealth medal,5
1982,1980,Allan Wells,GBR,100 metres,Men,gold,Won a Commonwealth medal,0
1982,1980,Daley Thompson,GBR,Decathlon,Men,gold,Won a Commonwealth medal,1
1982,1980,Merlene Ottey,JAM,200 metres,Women,bronze,Won a Commonwealth medal,2
1982,1980,Rick Mitchell,AUS,400 metres,Men,silver,Won a Commonwealth medal,3
1982,1980,Don Quarrie,JAM,200 metres,Men,bronze,No Commonwealth medal,4
1982,1980,Filbert Bayi,TAN,"Steeplechase (3,000 metres)",Men,silver,No Commonwealth medal,5
1982,1980,Gary Oakes,GBR,400 metres Hurdles,Men,bronze,No Commonwealth medal,6
1982,1980,Seb Coe,GBR,"1,500 metres",Men,gold,No Commonwealth medal,7
1982,1980,Steve Ovett,GBR,800 metres,Men,gold,No Commonwealth medal,8
1982,1980,Suleiman Nyambui,TAN,"5,000 metres",Men,silver,No Commonwealth medal,9
1986,1984,Ben Johnson,CAN,100 metres,Men,bronze,Won a Commonwealth medal,0
1986,1984,Daley Thompson,GBR,Decathlon,Men,gold,Won a Commonwealth medal,1
1986,1984,Dave Ottley,GBR,Javelin Throw,Men,silver,Won a Commonwealth medal,2
1986,1984,Fatima Whitbread,GBR,Javelin Throw,Women,bronze,Won a Commonwealth medal,3
1986,1984,Gael Martin,AUS,Shot Put,Women,bronze,Won a Commonwealth medal,4
1986,1984,Gary Honey,AUS,Long Jump,Men,silver,Won a Commonwealth medal,5
1986,1984,Glynis Nunn,AUS,Heptathlon,Women,gold,Won a Commonwealth medal,6
1986,1984,Kathy Cook,GBR,400 metres,Women,bronze,Won a Commonwealth medal,7
1986,1984,Steve Cram,GBR,"1,500 metres",Men,silver,Won a Commonwealth medal,8
1986,1984,Tessa Sanderson,GBR,Javelin Throw,Women,gold,Won a Commonwealth medal,9
1986,1984,Julius Korir,KEN,"Steeplechase (3,000 metres)",Men,gold,No Commonwealth medal,10
1986,1984,Keith Connor,GBR,Triple Jump,Men,bronze,No Commonwealth medal,11
1986,1984,Merlene Ottey-Page,JAM,100 metres,Women,bronze,No Commonwealth medal,12
1986,1984,Mike McLeod,GBR,"10,000 metres",Men,silver,No Commonwealth medal,13
1986,1984,Mike Musyoki,KEN,"10,000 metres",Men,bronze,No Commonwealth medal,14
1986,1984,Seb Coe,GBR,"1,500 metres",Men,gold,No Commonwealth medal,15
1986,1984,Shirley Strong,GBR,100 / 80 metres Hurdles,Women,silver,No Commonwealth medal,16
1986,1984,Sue Hearnshaw,GBR,Long Jump,Women,bronze,No Commonwealth medal,17
1990,1988,Colin Jackson,GBR,110 metres Hurdles,Men,silver,Won a Commonwealth medal,0
1990,1988,Debbie Flintoff-King,AUS,400 metres Hurdles,Women,gold,Won a Commonwealth medal,1
1990,1988,John Ngugi,KEN,"5,000 metres",Men,gold,Won a Commonwealth medal,2
1990,1988,Julius Kariuki,KEN,"Steeplechase (3,000 metres)",Men,gold,Won a Commonwealth medal,3
1990,1988,Linford Christie,GBR,100 metres,Men,silver,Won a Commonwealth medal,4
1990,1988,Liz McColgan,GBR,"10,000 metres",Women,silver,Won a Commonwealth medal,5
1990,1988,Peter Elliott,GBR,"1,500 metres",Men,silver,Won a Commonwealth medal,6
1990,1988,Dave Steen,CAN,Decathlon,Men,bronze,No Commonwealth medal,7
1990,1988,Fatima Whitbread,GBR,Javelin Throw,Women,silver,No Commonwealth medal,8
1990,1988,Grace Jackson,JAM,200 metres,Women,silver,No Commonwealth medal,9
1990,1988,Kipkemboi Kimeli,KEN,"10,000 metres",Men,bronze,No Commonwealth medal,10
1990,1988,Mark Rowland,GBR,"Steeplechase (3,000 metres)",Men,bronze,No Commonwealth medal,11
1990,1988,Paul Ereng,KEN,800 metres,Men,gold,No Commonwealth medal,12
1990,1988,Peter Koech,KEN,"Steeplechase (3,000 metres)",Men,silver,No Commonwealth medal,13
1990,1988,Peter Rono,KEN,"1,500 metres",Men,gold,No Commonwealth medal,14
1994,1992,Daniela Costian,AUS,Discus Throw,Women,bronze,Won a Commonwealth medal,0
1994,1992,Elana Meyer,RSA,"10,000 metres",Women,silver,Won a Commonwealth medal,1
1994,1992,Frankie Fredericks,NAM,100 metres,Men,silver,Won a Commonwealth medal,2
1994,1992,Linford Christie,GBR,100 metres,Men,gold,Won a Commonwealth medal,3
1994,1992,Sally Gunnell,GBR,400 metres Hurdles,Women,gold,Won a Commonwealth medal,4
1994,1992,Steve Backley,GBR,Javelin Throw,Men,bronze,Won a Commonwealth medal,5
1994,1992,Tim Forsyth,AUS,High Jump,Men,bronze,Won a Commonwealth medal,6
1994,1992,Frank Rutherford,BAH,Triple Jump,Men,bronze,No Commonwealth medal,7
1994,1992,Juliet Cuthbert,JAM,100 metres,Women,silver,No Commonwealth medal,8
1994,1992,Kriss Akabusi,GBR,400 metres Hurdles,Men,bronze,No Commonwealth medal,9
1994,1992,Mark McKoy,CAN,110 metres Hurdles,Men,gold,No Commonwealth medal,10
1994,1992,Matthew Birir,KEN,"Steeplechase (3,000 metres)",Men,gold,No Commonwealth medal,11
1994,1992,Merlene Ottey,JAM,200 metres,Women,bronze,No Commonwealth medal,12
1994,1992,Nixon Kiprotich,KEN,800 metres,Men,silver,No Commonwealth medal,13
1994,1992,Patrick Sang,KEN,"Steeplechase (3,000 metres)",Men,silver,No Commonwealth medal,14
1994,1992,Paul Bitok,KEN,"5,000 metres",Men,silver,No Commonwealth medal,15
1994,1992,Richard Chelimo,KEN,"10,000 metres",Men,silver,No Commonwealth medal,16
1994,1992,Samson Kitur,KEN,400 metres,Men,bronze,No Commonwealth medal,17
1994,1992,William Mutwol,KEN,"Steeplechase (3,000 metres)",Men,bronze,No Commonwealth medal,18
1994,1992,William Tanui,KEN,800 metres,Men,gold,No Commonwealth medal,19
1994,1992,Winthrop Graham,JAM,400 metres Hurdles,Men,silver,No Commonwealth medal,20
1998,1996,Ato Boldon,TTO,100 metres,Men,bronze,Won a Commonwealth medal,0
1998,1996,Denise Lewis,GBR,Heptathlon,Women,bronze,Won a Commonwealth medal,1
1998,1996,Frankie Fredericks,NAM,100 metres,Men,silver,Won a Commonwealth medal,2
1998,1996,Hezekiél Sepeng,RSA,800 metres,Men,silver,Won a Commonwealth medal,3
1998,1996,Jonathan Edwards,GBR,Triple Jump,Men,silver,Won a Commonwealth medal,4
1998,1996,Maria Mutola,MOZ,800 metres,Women,bronze,Won a Commonwealth medal,5
1998,1996,Steve Backley,GBR,Javelin Throw,Men,silver,Won a Commonwealth medal,6
1998,1996,Cathy Freeman,AUS,400 metres,Women,silver,No Commonwealth medal,7
1998,1996,Chioma Ajunwa,NGR,Long Jump,Women,gold,No Commonwealth medal,8
1998,1996,Davis Kamoga,UGA,400 metres,Men,bronze,No Commonwealth medal,9
1998,1996,Deon Hemmings,JAM,400 metres Hurdles,Women,gold,No Commonwealth medal,10
1998,1996,Donovan Bailey,CAN,100 metres,Men,gold,No Commonwealth medal,11
1998,1996,Falilat Ogunkoya,NGR,400 metres,Women,bronze,No Commonwealth medal,12
1998,1996,Fred Onyancha,KEN,800 metres,Men,bronze,No Commonwealth medal,13
1998,1996,James Beckford,JAM,Long Jump,Men,silver,No Commonwealth medal,14
1998,1996,Joseph Keter,KEN,"Steeplechase (3,000 metres)",Men,gold,No Commonwealth medal,15
1998,1996,Louise McPaul,AUS,Javelin Throw,Women,silver,No Commonwealth medal,16
1998,1996,Mary Onyali,NGR,200 metres,Women,bronze,No Commonwealth medal,17
1998,1996,Merlene Ottey,JAM,100 metres,Women,silver,No Commonwealth medal,18
1998,1996,Moses Kiptanui,KEN,"Steeplechase (3,000 metres)",Men,silver,No Commonwealth medal,19
1998,1996,Paul Bitok,KEN,"5,000 metres",Men,silver,No Commonwealth medal,20
1998,1996,Paul Tergat,KEN,"10,000 metres",Men,silver,No Commonwealth medal,21
1998,1996,Pauline Konga,KEN,"5,000 metres",Women,silver,No Commonwealth medal,22
1998,1996,Roger Black,GBR,400 metres,Men,silver,No Commonwealth medal,23
1998,1996,Samuel Matete,ZAM,400 metres Hurdles,Men,silver,No Commonwealth medal,24
1998,1996,Stephen Kipkorir,KEN,"1,500 metres",Men,bronze,No Commonwealth medal,25
1998,1996,Steve Smith,GBR,High Jump,Men,bronze,No Commonwealth medal,26
2002,2000,Darren Campbell,GBR,200 metres,Men,silver,Won a Commonwealth medal,0
2002,2000,Frantz Kruger,RSA,Discus Throw,Men,bronze,Won a Commonwealth medal,1
2002,2000,Hestrie Storbeck-Cloete,RSA,High Jump,Women,silver,Won a Commonwealth medal,2
2002,2000,Jonathan Edwards,GBR,Triple Jump,Men,gold,Won a Commonwealth medal,3
2002,2000,Kelly Holmes,GBR,800 metres,Women,bronze,Won a Commonwealth medal,4
2002,2000,Maria Mutola,MOZ,800 metres,Women,gold,Won a Commonwealth medal,5
2002,2000,Steve Backley,GBR,Javelin Throw,Men,silver,Won a Commonwealth medal,6
2002,2000,Tatiana Grigorieva,AUS,Pole Vault,Women,silver,Won a Commonwealth medal,7
2002,2000,Ato Boldon,TTO,100 metres,Men,silver,No Commonwealth medal,8
2002,2000,Bernard Lagat,KEN,"1,500 metres",Men,bronze,No Commonwealth medal,9
2002,2000,Beverly McDonald,JAM,200 metres,Women,bronze,No Commonwealth medal,10
2002,2000,Cathy Freeman,AUS,400 metres,Women,gold,No Commonwealth medal,11
2002,2000,Denise Lewis,GBR,Heptathlon,Women,gold,No Commonwealth medal,12
2002,2000,Deon Hemmings,JAM,400 metres Hurdles,Women,silver,No Commonwealth medal,13
2002,2000,Glory Alozie,NGR,100 / 80 metres Hurdles,Women,silver,No Commonwealth medal,14
2002,2000,Greg Haughton,JAM,400 metres,Men,bronze,No Commonwealth medal,15
2002,2000,Jai Taurima,AUS,Long Jump,Men,silver,No Commonwealth medal,16
2002,2000,Katharine Merry,GBR,400 metres,Women,bronze,No Commonwealth medal,17
2002,2000,Llewellyn Herbert,RSA,400 metres Hurdles,Men,bronze,No Commonwealth medal,18
2002,2000,Lorraine Graham,JAM,400 metres,Women,silver,No Commonwealth medal,19
2002,2000,Merlene Ottey,JAM,100 metres,Women,bronze,No Commonwealth medal,20
2002,2000,Noah Ngeny,KEN,"1,500 metres",Men,gold,No Commonwealth medal,21
2002,2000,Obadele Thompson,BAR,100 metres,Men,bronze,No Commonwealth medal,22
2002,2000,Paul Tergat,KEN,"10,000 metres",Men,silver,No Commonwealth medal,23
2002,2000,Pauline Davis-Thompson,BAH,200 metres,Women,gold,No Commonwealth medal,24
2002,2000,Reuben Kosgei,KEN,"Steeplechase (3,000 metres)",Men,gold,No Commonwealth medal,25
2002,2000,Susanthika Jayasinghe,SRI,200 metres,Women,silver,No Commonwealth medal,26
2002,2000,Tayna Lawrence,JAM,100 metres,Women,silver,No Commonwealth medal,27
2002,2000,Wilson Boit Kipketer,KEN,"Steeplechase (3,000 metres)",Men,silver,No Commonwealth medal,28
2006,2004,Ezekiel Kemboi,KEN,"Steeplechase (3,000 metres)",Men,gold,Won a Commonwealth medal,0
2006,2004,Isabella Ochichi,KEN,"5,000 metres",Women,silver,Won a Commonwealth medal,1
2006,2004,Kelly Sotherton,GBR,Heptathlon,Women,bronze,Won a Commonwealth medal,2
2006,2004,Tonique Williams-Darling,BAH,400 metres,Women,gold,Won a Commonwealth medal,3
2006,2004,Bernard Lagat,KEN,"1,500 metres",Men,silver,No Commonwealth medal,4
2006,2004,Brimin Kipruto,KEN,"Steeplechase (3,000 metres)",Men,silver,No Commonwealth medal,5
2006,2004,Danny McFarlane,JAM,400 metres Hurdles,Men,silver,No Commonwealth medal,6
2006,2004,Debbie Ferguson,BAH,200 metres,Women,bronze,No Commonwealth medal,7
2006,2004,Eliud Kipchoge,KEN,"5,000 metres",Men,bronze,No Commonwealth medal,8
2006,2004,Françoise Mbango,CMR,Triple Jump,Women,gold,No Commonwealth medal,9
2006,2004,Hestrie Storbeck-Cloete,RSA,High Jump,Women,silver,No Commonwealth medal,10
2006,2004,Kelly Holmes,GBR,800 metres,Women,gold,No Commonwealth medal,11
2006,2004,Mbulaeni Mulaudzi,RSA,800 metres,Men,silver,No Commonwealth medal,12
2006,2004,Paul Kipsiele Koech,KEN,"Steeplechase (3,000 metres)",Men,bronze,No Commonwealth medal,13
2006,2004,Veronica Campbell,JAM,200 metres,Women,gold,No Commonwealth medal,14
2010,2008,Brimin Kipruto,KEN,"Steeplechase (3,000 metres)",Men,gold,Won a Commonwealth medal,0
2010,2008,Dylan Armstrong,CAN,Shot Put,Men,bronze,Won a Commonwealth medal,1
2010,2008,Eliud Kipchoge,KEN,"5,000 metres",Men,silver,Won a Commonwealth medal,2
2010,2008,Nancy Langat,KEN,"1,500 metres",Women,gold,Won a Commonwealth medal,3
2010,2008,Nick Willis,NZL,"1,500 metres",Men,silver,Won a Commonwealth medal,4
2010,2008,Richard Mateelong,KEN,"Steeplechase (3,000 metres)",Men,bronze,Won a Commonwealth medal,5
2010,2008,Steve Hooker,AUS,Pole Vault,Men,gold,Won a Commonwealth medal,6
2010,2008,Sylvia Kibet,KEN,"5,000 metres",Women,bronze,Won a Commonwealth medal,7
2010,2008,Alfred Kirwa Yego,KEN,800 metres,Men,bronze,No Commonwealth medal,8
2010,2008,Asbel Kiprop,KEN,"1,500 metres",Men,gold,No Commonwealth medal,9
2010,2008,Blessing Okagbare,NGR,Long Jump,Women,silver,No Commonwealth medal,10
2010,2008,Chelsea Hammond,JAM,Long Jump,Women,bronze,No Commonwealth medal,11
2010,2008,Christine Ohuruogu,GBR,400 metres,Women,gold,No Commonwealth medal,12
2010,2008,Edwin Soi,KEN,"5,000 metres",Men,bronze,No Commonwealth medal,13
2010,2008,Eunice Jepkorir,KEN,"Steeplechase (3,000 metres)",Women,silver,No Commonwealth medal,14
2010,2008,Françoise Mbango,CMR,Triple Jump,Women,gold,No Commonwealth medal,15
2010,2008,Germaine Mason,GBR,High Jump,Men,silver,No Commonwealth medal,16
2010,2008,Goldie Sayers,GBR,Javelin Throw,Women,bronze,No Commonwealth medal,17
2010,2008,Janeth Jepkosgei,KEN,800 metres,Women,silver,No Commonwealth medal,18
2010,2008,Kelly Sotherton,GBR,Heptathlon,Women,bronze,No Commonwealth medal,19
2010,2008,Kerron Stewart,JAM,200 metres,Women,bronze,No Commonwealth medal,20
2010,2008,Khotso Mokoena,RSA,Long Jump,Men,silver,No Commonwealth medal,21
2010,2008,Leevan Sands,BAH,Triple Jump,Men,bronze,No Commonwealth medal,22
2010,2008,Linet Masai,KEN,"10,000 metres",Women,bronze,No Commonwealth medal,23
2010,2008,Melaine Walker,JAM,400 metres Hurdles,Women,gold,No Commonwealth medal,24
2010,2008,Micah Kogo,KEN,"10,000 metres",Men,bronze,No Commonwealth medal,25
2010,2008,Pamela Jelimo,KEN,800 metres,Women,gold,No Commonwealth medal,26
2010,2008,Phillips Idowu,GBR,Triple Jump,Men,silver,No Commonwealth medal,27
2010,2008,Priscilla Lopes-Schliep,CAN,100 / 80 metres Hurdles,Women,bronze,No Commonwealth medal,28
2010,2008,Richard Thompson,TTO,100 metres,Men,silver,No Commonwealth medal,29
2010,2008,Sally McLellan,AUS,100 / 80 metres Hurdles,Women,silver,No Commonwealth medal,30
2010,2008,Shelly-Ann Fraser,JAM,100 metres,Women,gold,No Commonwealth medal,31
2010,2008,Shericka Williams,JAM,400 metres,Women,silver,No Commonwealth medal,32
2010,2008,Sherone Simpson,JAM,100 metres,Women,silver,No Commonwealth medal,33
2010,2008,Tasha Danvers,GBR,400 metres Hurdles,Women,bronze,No Commonwealth medal,34
2010,2008,Usain Bolt,JAM,100 metres,Men,gold,No Commonwealth medal,35
2010,2008,Valerie Vili,NZL,Shot Put,Women,gold,No Commonwealth medal,36
2010,2008,Veronica Campbell-Brown,JAM,200 metres,Women,gold,No Commonwealth medal,37
2010,2008,Wilfred Bungei,KEN,800 metres,Men,gold,No Commonwealth medal,38
2014,2012,David Rudisha,KEN,800 metres,Men,gold,Won a Commonwealth medal,0
2014,2012,Ezekiel Kemboi,KEN,"Steeplechase (3,000 metres)",Men,gold,Won a Commonwealth medal,1
2014,2012,Greg Rutherford,GBR,Long Jump,Men,gold,Won a Commonwealth medal,2
2014,2012,Kaliese Spencer,JAM,400 metres Hurdles,Women,bronze,Won a Commonwealth medal,3
2014,2012,Keshorn Walcott,TTO,Javelin Throw,Men,gold,Won a Commonwealth medal,4
2014,2012,Kirani James,GRN,400 metres,Men,gold,Won a Commonwealth medal,5
2014,2012,Lalonde Gordon,TTO,400 metres,Men,bronze,Won a Commonwealth medal,6
2014,2012,Milcah Chemos Cheywa,KEN,"Steeplechase (3,000 metres)",Women,bronze,Won a Commonwealth medal,7
2014,2012,Nijel Amos,BOT,800 metres,Men,silver,Won a Commonwealth medal,8
2014,2012,Sally Pearson,AUS,100 / 80 metres Hurdles,Women,gold,Won a Commonwealth medal,9
2014,2012,Valerie Adams,NZL,Shot Put,Women,gold,Won a Commonwealth medal,10
2014,2012,Veronica Campbell-Brown,JAM,100 metres,Women,bronze,Won a Commonwealth medal,11
2014,2012,Warren Weir,JAM,200 metres,Men,bronze,Won a Commonwealth medal,12
2014,2012,Abel Mutai,KEN,"Steeplechase (3,000 metres)",Men,bronze,No Commonwealth medal,13
2014,2012,Caster Semenya,RSA,800 metres,Women,gold,No Commonwealth medal,14
2014,2012,Christine Ohuruogu,GBR,400 metres,Women,silver,No Commonwealth medal,15
2014,2012,Hansle Parchment,JAM,110 metres Hurdles,Men,bronze,No Commonwealth medal,16
2014,2012,Jessica Ennis,GBR,Heptathlon,Women,gold,No Commonwealth medal,17
2014,2012,Mitch Watt,AUS,Long Jump,Men,silver,No Commonwealth medal,18
2014,2012,Mo Farah,GBR,"5,000 metres",Men,gold,No Commonwealth medal,19
2014,2012,Pamela Jelimo,KEN,800 metres,Women,silver,No Commonwealth medal,20
2014,2012,Sally Kipyego,KEN,"10,000 metres",Women,silver,No Commonwealth medal,21
2014,2012,Shelly-Ann Fraser-Pryce,JAM,100 metres,Women,gold,No Commonwealth medal,22
2014,2012,Thomas Longosiwa,KEN,"5,000 metres",Men,bronze,No Commonwealth medal,23
2014,2012,Timothy Kitum,KEN,800 metres,Men,bronze,No Commonwealth medal,24
2014,2012,Usain Bolt,JAM,100 metres,Men,gold,No Commonwealth medal,25
2014,2012,Vivian Cheruiyot,KEN,"5,000 metres",Women,silver,No Commonwealth medal,26
2014,2012,Yohan Blake,JAM,100 metres,Men,silver,No Commonwealth medal,27
2018,2016,Caster Semenya,RSA,800 metres,Women,gold,Won a Commonwealth medal,0
2018,2016,Conseslus Kipruto,KEN,"Steeplechase (3,000 metres)",Men,gold,Won a Commonwealth medal,1
2018,2016,Eliza McCartney,NZL,Pole Vault,Women,bronze,Won a Commonwealth medal,2
2018,2016,Hellen Obiri,KEN,"5,000 metres",Women,silver,Won a Commonwealth medal,3
2018,2016,Luvo Manyonga,RSA,Long Jump,Men,silver,Won a Commonwealth medal,4
2018,2016,Margaret Wambui,KEN,800 metres,Women,bronze,Won a Commonwealth medal,5
2018,2016,Shericka Jackson,JAM,400 metres,Women,bronze,Won a Commonwealth medal,6
2018,2016,Sunette Viljoen,RSA,Javelin Throw,Women,silver,Won a Commonwealth medal,7
2018,2016,Tom Walsh,NZL,Shot Put,Men,bronze,Won a Commonwealth medal,8
2018,2016,Valerie Adams,NZL,Shot Put,Women,silver,Won a Commonwealth medal,9
2018,2016,Andre De Grasse,CAN,200 metres,Men,silver,No Commonwealth medal,10
2018,2016,Boniface Tumuti,KEN,400 metres Hurdles,Men,silver,No Commonwealth medal,11
2018,2016,Brianne Theisen-Eaton,CAN,Heptathlon,Women,bronze,No Commonwealth medal,12
2018,2016,Damian Warner,CAN,Decathlon,Men,bronze,No Commonwealth medal,13
2018,2016,David Rudisha,KEN,800 metres,Men,gold,No Commonwealth medal,14
2018,2016,Derek Drouin,CAN,High Jump,Men,gold,No Commonwealth medal,15
2018,2016,Elaine Thompson,JAM,100 metres,Women,gold,No Commonwealth medal,16
2018,2016,Faith Kipyegon,KEN,"1,500 metres",Women,gold,No Commonwealth medal,17
2018,2016,Greg Rutherford,GBR,Long Jump,Men,bronze,No Commonwealth medal,18
2018,2016,Hyvin Kiyeng,KEN,"Steeplechase (3,000 metres)",Women,silver,No Commonwealth medal,19
2018,2016,Jessica Ennis-Hill,GBR,Heptathlon,Women,silver,No Commonwealth medal,20
2018,2016,Julius Yego,KEN,Javelin Throw,Men,silver,No Commonwealth medal,21
2018,2016,Keshorn Walcott,TTO,Javelin Throw,Men,bronze,No Commonwealth medal,22
2018,2016,Kirani James,GRN,400 metres,Men,silver,No Commonwealth medal,23
2018,2016,Mo Farah,GBR,"5,000 metres",Men,gold,No Commonwealth medal,24
2018,2016,Nick Willis,NZL,"1,500 metres",Men,bronze,No Commonwealth medal,25
2018,2016,Omar McLeod,JAM,110 metres Hurdles,Men,gold,No Commonwealth medal,26
2018,2016,Paul Tanui,KEN,"10,000 metres",Men,silver,No Commonwealth medal,27
2018,2016,Shaunae Miller,BAH,400 metres,Women,gold,No Commonwealth medal,28
2018,2016,Shelly-Ann Fraser-Pryce,JAM,100 metres,Women,bronze,No Commonwealth medal,29
2018,2016,Sophie Hitchon,GBR,Hammer Throw,Women,bronze,No Commonwealth medal,30
2018,2016,Usain Bolt,JAM,100 metres,Men,gold,No Commonwealth medal,31
2018,2016,Vivian Cheruiyot,KEN,"5,000 metres",Women,gold,No Commonwealth medal,32
2018,2016,Wayde van Niekerk,RSA,400 metres,Men,gold,No Commonwealth medal,33
2022,2020,Christine Mboma,NAM,200 metres,Women,silver,Won a Commonwealth medal,0
2022,2020,Elaine Thompson-Herah,JAM,100 metres,Women,gold,Won a Commonwealth medal,1
2022,2020,Ese Brume,NGR,Long Jump,Women,bronze,Won a Commonwealth medal,2
2022,2020,Jacob Kiplimo,UGA,"10,000 metres",Men,bronze,Won a Commonwealth medal,3
2022,2020,Keely Hodgkinson,GBR,800 metres,Women,silver,Won a Commonwealth medal,4
2022,2020,Kelsey-Lee Barber,AUS,Javelin Throw,Women,bronze,Won a Commonwealth medal,5
2022,2020,Laura Muir,GBR,"1,500 metres",Women,silver,Won a Commonwealth medal,6
2022,2020,Peruth Chemutai,UGA,"Steeplechase (3,000 metres)",Women,gold,Won a Commonwealth medal,7
2022,2020,Timothy Cheruiyot,KEN,"1,500 metres",Men,silver,Won a Commonwealth medal,8
2022,2020,Tom Walsh,NZL,Shot Put,Men,bronze,Won a Commonwealth medal,9
2022,2020,Andre De Grasse,CAN,200 metres,Men,gold,No Commonwealth medal,10
2022,2020,Ashley Moloney,AUS,Decathlon,Men,bronze,No Commonwealth medal,11
2022,2020,Benjamin Kigen,KEN,"Steeplechase (3,000 metres)",Men,bronze,No Commonwealth medal,12
2022,2020,Damian Warner,CAN,Decathlon,Men,gold,No Commonwealth medal,13
2022,2020,Emmanuel Korir,KEN,800 metres,Men,gold,No Commonwealth medal,14
2022,2020,Faith Kipyegon,KEN,"1,500 metres",Women,gold,No Commonwealth medal,15
2022,2020,Ferguson Rotich,KEN,800 metres,Men,silver,No Commonwealth medal,16
2022,2020,Hansle Parchment,JAM,110 metres Hurdles,Men,gold,No Commonwealth medal,17
2022,2020,Hellen Obiri,KEN,"5,000 metres",Women,silver,No Commonwealth medal,18
2022,2020,Holly Bradshaw,GBR,Pole Vault,Women,bronze,No Commonwealth medal,19
2022,2020,Hyvin Kiyeng,KEN,"Steeplechase (3,000 metres)",Women,bronze,No Commonwealth medal,20
2022,2020,Josh Kerr,GBR,"1,500 metres",Men,bronze,No Commonwealth medal,21
2022,2020,Joshua Cheptegei,UGA,"5,000 metres",Men,gold,No Commonwealth medal,22
2022,2020,Kirani James,GRN,400 metres,Men,bronze,No Commonwealth medal,23
2022,2020,Megan Tapper,JAM,100 / 80 metres Hurdles,Women,bronze,No Commonwealth medal,24
2022,2020,Moh Ahmed,CAN,"5,000 metres",Men,silver,No Commonwealth medal,25
2022,2020,Neeraj Chopra,IND,Javelin Throw,Men,gold,No Commonwealth medal,26
2022,2020,Nicola McDermott,AUS,High Jump,Women,silver,No Commonwealth medal,27
2022,2020,Ronald Levy,JAM,110 metres Hurdles,Men,bronze,No Commonwealth medal,28
2022,2020,Shaunae Miller-Uibo,BAH,400 metres,Women,gold,No Commonwealth medal,29
2022,2020,Shelly-Ann Fraser-Pryce,JAM,100 metres,Women,silver,No Commonwealth medal,30
2022,2020,Shericka Jackson,JAM,100 metres,Women,bronze,No Commonwealth medal,31
2022,2020,Steven Gardiner,BAH,400 metres,Men,gold,No Commonwealth medal,32
2022,2020,Valerie Adams,NZL,Shot Put,Women,bronze,No Commonwealth medal,33
2026,2024,Camryn Rogers,CAN,Hammer Throw,Women,gold,Won a Commonwealth medal,0
2026,2024,Ethan Katzberg,CAN,Hammer Throw,Men,gold,Won a Commonwealth medal,1
2026,2024,Faith Cherotich,KEN,"Steeplechase (3,000 metres)",Women,bronze,Won a Commonwealth medal,2
2026,2024,Georgia Bell,GBR,"1,500 metres",Women,bronze,Won a Commonwealth medal,3
2026,2024,Jessica Hull,AUS,"1,500 metres",Women,silver,Won a Commonwealth medal,4
2026,2024,Josh Kerr,GBR,"1,500 metres",Men,silver,Won a Commonwealth medal,5
2026,2024,Lindon Victor,GRN,Decathlon,Men,bronze,Won a Commonwealth medal,6
2026,2024,Matthew Denny,AUS,Discus Throw,Men,bronze,Won a Commonwealth medal,7
2026,2024,Neeraj Chopra,IND,Javelin Throw,Men,silver,Won a Commonwealth medal,8
2026,2024,Nicola Olyslagers,AUS,High Jump,Women,silver,Won a Commonwealth medal,9
2026,2024,Nina Kennedy,AUS,Pole Vault,Women,gold,Won a Commonwealth medal,10
2026,2024,Peruth Chemutai,UGA,"Steeplechase (3,000 metres)",Women,silver,Won a Commonwealth medal,11
2026,2024,Thea LaFond,DMA,Triple Jump,Women,gold,Won a Commonwealth medal,12
2026,2024,Abraham Kibiwot,KEN,"Steeplechase (3,000 metres)",Men,bronze,No Commonwealth medal,13
2026,2024,Alysha Newman,CAN,Pole Vault,Women,bronze,No Commonwealth medal,14
2026,2024,Anderson Peters,GRN,Javelin Throw,Men,bronze,No Commonwealth medal,15
2026,2024,Arshad Nadeem,PAK,Javelin Throw,Men,gold,No Commonwealth medal,16
2026,2024,Beatrice Chebet,KEN,"5,000 metres",Women,gold,No Commonwealth medal,17
2026,2024,Emmanuel Wanyonyi,KEN,800 metres,Men,gold,No Commonwealth medal,18
2026,2024,Faith Kipyegon,KEN,"1,500 metres",Women,gold,No Commonwealth medal,19
2026,2024,Hamish Kerr,NZL,High Jump,Men,gold,No Commonwealth medal,20
2026,2024,Jo-Ané van Dyk,RSA,Javelin Throw,Women,silver,No Commonwealth medal,21
2026,2024,Joshua Cheptegei,UGA,"10,000 metres",Men,gold,No Commonwealth medal,22
2026,2024,Julien Alfred,LCA,100 metres,Women,gold,No Commonwealth medal,23
2026,2024,Keely Hodgkinson,GBR,800 metres,Women,gold,No Commonwealth medal,24
2026,2024,Kishane Thompson,JAM,100 metres,Men,silver,No Commonwealth medal,25
2026,2024,Letsile Tebogo,BOT,200 metres,Men,gold,No Commonwealth medal,26
2026,2024,Maddi Wesche,NZL,Shot Put,Women,silver,No Commonwealth medal,27
2026,2024,Marco Arop,CAN,800 metres,Men,silver,No Commonwealth medal,28
2026,2024,Mary Moraa,KEN,800 metres,Women,bronze,No Commonwealth medal,29
2026,2024,Matt Hudson-Smith,GBR,400 metres,Men,silver,No Commonwealth medal,30
2026,2024,Muzala Samukonga,ZAM,400 metres,Men,bronze,No Commonwealth medal,31
2026,2024,Rajindra Campbell,JAM,Shot Put,Men,bronze,No Commonwealth medal,32
2026,2024,Rasheed Broadbell,JAM,110 metres Hurdles,Men,bronze,No Commonwealth medal,33
2026,2024,Rojé Stona,JAM,Discus Throw,Men,gold,No Commonwealth medal,34
2026,2024,Ronald Kwemoi,KEN,"5,000 metres",Men,silver,No Commonwealth medal,35
2026,2024,Shanieka Ricketts,JAM,Triple Jump,Women,silver,No Commonwealth medal,36
2026,2024,Wayne Pinnock,JAM,Long Jump,Men,silver,No Commonwealth medal,37
