gu,name,lon,lat,bbox_area
ZMB,Zambia,28.806,-12.521,115.049
VUT,Vanuatu,166.874,-15.15,1.939
SHN,Saint Helena,-14.367,-7.938,0.022
AIA,Anguilla,-63.054,18.225,0.018
FLK,Falkland Is.,-60.153,-51.703,3.444
CYM,Cayman Is.,-81.301,19.329,0.055
BMU,Bermuda,-64.765,32.307,0.025
VGB,British Virgin Is.,-64.332,18.734,0.021
TCA,Turks and Caicos Is.,-71.942,21.884,0.057
MSR,Montserrat,-62.18,16.747,0.01
JEY,Jersey,-2.1,49.21,0.022
GGY,Guernsey,-2.56,49.479,0.01
IMN,Isle of Man,-4.545,54.223,0.156
WLS,Wales,-3.634,52.398,5.235
SCT,Scotland,-4.32,56.596,20.093
NIR,N. Ireland,-6.743,54.523,3.184
ENG,England,-1.887,52.416,42.929
UGA,Uganda,32.128,1.385,30.82
TTO,Trinidad and Tobago,-61.325,10.458,0.811
TON,Tonga,-175.209,-21.149,0.084
TGO,Togo,0.728,8.699,9.39
TZA,Tanzania,34.407,-6.606,119.54
SWZ,eSwatini,31.569,-26.46,2.077
LKA,Sri Lanka,80.647,8.272,8.416
ZAF,South Africa,24.314,-28.157,207.816
SLB,Solomon Is.,159.189,-8.046,6.128
SGP,Singapore,103.867,1.366,0.063
SLE,Sierra Leone,-11.869,8.626,9.402
SYC,Seychelles,55.482,-4.68,0.036
WSM,Samoa,-171.708,-13.951,0.347
VCT,St. Vin. and Gren.,-61.234,13.01,0.041
LCA,Saint Lucia,-60.968,13.911,0.07
KNA,St. Kitts and Nevis,-62.736,17.311,0.047
RWA,Rwanda,29.912,-2.006,3.524
PNX,Papua New Guinea,145.347,-7.622,96.008
PAK,Pakistan,69.804,30.175,215.26
NGA,Nigeria,7.762,8.634,114.607
NZL,New Zealand,170.779,-43.651,91.306
NIU,Niue,-169.857,-19.043,0.027
COK,Cook Is.,-159.785,-21.226,0.007
NRU,Nauru,166.936,-0.517,0.003
NAM,Namibia,18.141,-21.82,162.054
MOZ,Mozambique,35.344,-17.322,174.184
MUS,Mauritius,57.545,-20.297,0.248
MLT,Malta,14.474,35.88,0.043
MDV,Maldives,73.505,4.197,0.009
MYS,Malaysia,114.778,3.694,82.16
MWI,Malawi,34.049,-12.794,24.949
LSO,Lesotho,28.2,-29.677,4.82
KIR,Kiribati,-171.68,-2.806,0.259
KEN,Kenya,37.533,0.667,81.338
JAM,Jamaica,-77.28,18.117,1.718
IND,India,82.7,24.932,801.449
GUY,Guyana,-58.817,4.374,36.065
GRD,Grenada,-61.703,12.099,0.04
GHA,Ghana,-1.079,8.298,28.379
GMB,Gambia,-15.506,13.436,2.242
GAB,Gabon,11.622,-0.863,35.927
FJI,Fiji,179.323,-16.596,2.888
DMA,Dominica,-61.361,15.437,0.093
CYP,Cyprus,33.207,34.955,1.072
CAN,Canada,-94.48,60.304,3645.3
CMR,Cameroon,12.994,6.253,87.234
BRN,Brunei,114.625,4.525,1.148
BWA,Botswana,24.585,-22.523,85.113
BLZ,Belize,-88.685,17.357,3.064
BRB,Barbados,-59.546,13.161,0.056
BGD,Bangladesh,90.365,23.735,27.078
BHS,Bahamas,-77.358,26.484,4.161
AUS,Australia,134.161,-23.231,1165.217
NFK,Norfolk Island,167.943,-29.057,0.007
ACA,Antigua,-61.762,17.073,0.035
TUV,Tuvalu,179.205,-8.506,0.001
