games,i,col,row,group,nation,medal
Birmingham 2022,0,0,0,Australia,Australia,gold
Birmingham 2022,1,1,0,Australia,Australia,gold
Birmingham 2022,2,2,0,Australia,Australia,gold
Birmingham 2022,3,3,0,Australia,Australia,gold
Birmingham 2022,4,4,0,Australia,Australia,gold
Birmingham 2022,5,5,0,Australia,Australia,gold
Birmingham 2022,6,6,0,Australia,Australia,gold
Birmingham 2022,7,7,0,Australia,Australia,gold
Birmingham 2022,8,8,0,Australia,Australia,gold
Birmingham 2022,9,9,0,Australia,Australia,gold
Birmingham 2022,10,10,0,Australia,Australia,gold
Birmingham 2022,11,11,0,Australia,Australia,gold
Birmingham 2022,12,12,0,Australia,Australia,gold
Birmingham 2022,13,13,0,Australia,Australia,gold
Birmingham 2022,14,14,0,Australia,Australia,gold
Birmingham 2022,15,15,0,Australia,Australia,gold
Birmingham 2022,16,16,0,Australia,Australia,gold
Birmingham 2022,17,17,0,Australia,Australia,gold
Birmingham 2022,18,18,0,Australia,Australia,gold
Birmingham 2022,19,19,0,Australia,Australia,gold
Birmingham 2022,20,20,0,Australia,Australia,gold
Birmingham 2022,21,21,0,Australia,Australia,gold
Birmingham 2022,22,22,0,Australia,Australia,gold
Birmingham 2022,23,23,0,Australia,Australia,gold
Birmingham 2022,24,24,0,Australia,Australia,gold
Birmingham 2022,25,0,1,Australia,Australia,gold
Birmingham 2022,26,1,1,Australia,Australia,gold
Birmingham 2022,27,2,1,Australia,Australia,gold
Birmingham 2022,28,3,1,Australia,Australia,gold
Birmingham 2022,29,4,1,Australia,Australia,gold
Birmingham 2022,30,5,1,Australia,Australia,gold
Birmingham 2022,31,6,1,Australia,Australia,gold
Birmingham 2022,32,7,1,Australia,Australia,gold
Birmingham 2022,33,8,1,Australia,Australia,gold
Birmingham 2022,34,9,1,Australia,Australia,gold
Birmingham 2022,35,10,1,Australia,Australia,gold
Birmingham 2022,36,11,1,Australia,Australia,gold
Birmingham 2022,37,12,1,Australia,Australia,gold
Birmingham 2022,38,13,1,Australia,Australia,gold
Birmingham 2022,39,14,1,Australia,Australia,gold
Birmingham 2022,40,15,1,Australia,Australia,gold
Birmingham 2022,41,16,1,Australia,Australia,gold
Birmingham 2022,42,17,1,Australia,Australia,gold
Birmingham 2022,43,18,1,Australia,Australia,gold
Birmingham 2022,44,19,1,Australia,Australia,gold
Birmingham 2022,45,20,1,Australia,Australia,gold
Birmingham 2022,46,21,1,Australia,Australia,gold
Birmingham 2022,47,22,1,Australia,Australia,gold
Birmingham 2022,48,23,1,Australia,Australia,gold
Birmingham 2022,49,24,1,Australia,Australia,gold
Birmingham 2022,50,0,2,Australia,Australia,gold
Birmingham 2022,51,1,2,Australia,Australia,gold
Birmingham 2022,52,2,2,Australia,Australia,gold
Birmingham 2022,53,3,2,Australia,Australia,gold
Birmingham 2022,54,4,2,Australia,Australia,gold
Birmingham 2022,55,5,2,Australia,Australia,gold
Birmingham 2022,56,6,2,Australia,Australia,gold
Birmingham 2022,57,7,2,Australia,Australia,gold
Birmingham 2022,58,8,2,Australia,Australia,gold
Birmingham 2022,59,9,2,Australia,Australia,gold
Birmingham 2022,60,10,2,Australia,Australia,gold
Birmingham 2022,61,11,2,Australia,Australia,gold
Birmingham 2022,62,12,2,Australia,Australia,gold
Birmingham 2022,63,13,2,Australia,Australia,gold
Birmingham 2022,64,14,2,Australia,Australia,gold
Birmingham 2022,65,15,2,Australia,Australia,gold
Birmingham 2022,66,16,2,Australia,Australia,gold
Birmingham 2022,67,17,2,Australia,Australia,silver
Birmingham 2022,68,18,2,Australia,Australia,silver
Birmingham 2022,69,19,2,Australia,Australia,silver
Birmingham 2022,70,20,2,Australia,Australia,silver
Birmingham 2022,71,21,2,Australia,Australia,silver
Birmingham 2022,72,22,2,Australia,Australia,silver
Birmingham 2022,73,23,2,Australia,Australia,silver
Birmingham 2022,74,24,2,Australia,Australia,silver
Birmingham 2022,75,0,3,Australia,Australia,silver
Birmingham 2022,76,1,3,Australia,Australia,silver
Birmingham 2022,77,2,3,Australia,Australia,silver
Birmingham 2022,78,3,3,Australia,Australia,silver
Birmingham 2022,79,4,3,Australia,Australia,silver
Birmingham 2022,80,5,3,Australia,Australia,silver
Birmingham 2022,81,6,3,Australia,Australia,silver
Birmingham 2022,82,7,3,Australia,Australia,silver
Birmingham 2022,83,8,3,Australia,Australia,silver
Birmingham 2022,84,9,3,Australia,Australia,silver
Birmingham 2022,85,10,3,Australia,Australia,silver
Birmingham 2022,86,11,3,Australia,Australia,silver
Birmingham 2022,87,12,3,Australia,Australia,silver
Birmingham 2022,88,13,3,Australia,Australia,silver
Birmingham 2022,89,14,3,Australia,Australia,silver
Birmingham 2022,90,15,3,Australia,Australia,silver
Birmingham 2022,91,16,3,Australia,Australia,silver
Birmingham 2022,92,17,3,Australia,Australia,silver
Birmingham 2022,93,18,3,Australia,Australia,silver
Birmingham 2022,94,19,3,Australia,Australia,silver
Birmingham 2022,95,20,3,Australia,Australia,silver
Birmingham 2022,96,21,3,Australia,Australia,silver
Birmingham 2022,97,22,3,Australia,Australia,silver
Birmingham 2022,98,23,3,Australia,Australia,silver
Birmingham 2022,99,24,3,Australia,Australia,silver
Birmingham 2022,100,0,4,Australia,Australia,silver
Birmingham 2022,101,1,4,Australia,Australia,silver
Birmingham 2022,102,2,4,Australia,Australia,silver
Birmingham 2022,103,3,4,Australia,Australia,silver
Birmingham 2022,104,4,4,Australia,Australia,silver
Birmingham 2022,105,5,4,Australia,Australia,silver
Birmingham 2022,106,6,4,Australia,Australia,silver
Birmingham 2022,107,7,4,Australia,Australia,silver
Birmingham 2022,108,8,4,Australia,Australia,silver
Birmingham 2022,109,9,4,Australia,Australia,silver
Birmingham 2022,110,10,4,Australia,Australia,silver
Birmingham 2022,111,11,4,Australia,Australia,silver
Birmingham 2022,112,12,4,Australia,Australia,silver
Birmingham 2022,113,13,4,Australia,Australia,silver
Birmingham 2022,114,14,4,Australia,Australia,silver
Birmingham 2022,115,15,4,Australia,Australia,silver
Birmingham 2022,116,16,4,Australia,Australia,silver
Birmingham 2022,117,17,4,Australia,Australia,silver
Birmingham 2022,118,18,4,Australia,Australia,silver
Birmingham 2022,119,19,4,Australia,Australia,silver
Birmingham 2022,120,20,4,Australia,Australia,silver
Birmingham 2022,121,21,4,Australia,Australia,silver
Birmingham 2022,122,22,4,Australia,Australia,silver
Birmingham 2022,123,23,4,Australia,Australia,silver
Birmingham 2022,124,24,4,Australia,Australia,bronze
Birmingham 2022,125,0,5,Australia,Australia,bronze
Birmingham 2022,126,1,5,Australia,Australia,bronze
Birmingham 2022,127,2,5,Australia,Australia,bronze
Birmingham 2022,128,3,5,Australia,Australia,bronze
Birmingham 2022,129,4,5,Australia,Australia,bronze
Birmingham 2022,130,5,5,Australia,Australia,bronze
Birmingham 2022,131,6,5,Australia,Australia,bronze
Birmingham 2022,132,7,5,Australia,Australia,bronze
Birmingham 2022,133,8,5,Australia,Australia,bronze
Birmingham 2022,134,9,5,Australia,Australia,bronze
Birmingham 2022,135,10,5,Australia,Australia,bronze
Birmingham 2022,136,11,5,Australia,Australia,bronze
Birmingham 2022,137,12,5,Australia,Australia,bronze
Birmingham 2022,138,13,5,Australia,Australia,bronze
Birmingham 2022,139,14,5,Australia,Australia,bronze
Birmingham 2022,140,15,5,Australia,Australia,bronze
Birmingham 2022,141,16,5,Australia,Australia,bronze
Birmingham 2022,142,17,5,Australia,Australia,bronze
Birmingham 2022,143,18,5,Australia,Australia,bronze
Birmingham 2022,144,19,5,Australia,Australia,bronze
Birmingham 2022,145,20,5,Australia,Australia,bronze
Birmingham 2022,146,21,5,Australia,Australia,bronze
Birmingham 2022,147,22,5,Australia,Australia,bronze
Birmingham 2022,148,23,5,Australia,Australia,bronze
Birmingham 2022,149,24,5,Australia,Australia,bronze
Birmingham 2022,150,0,6,Australia,Australia,bronze
Birmingham 2022,151,1,6,Australia,Australia,bronze
Birmingham 2022,152,2,6,Australia,Australia,bronze
Birmingham 2022,153,3,6,Australia,Australia,bronze
Birmingham 2022,154,4,6,Australia,Australia,bronze
Birmingham 2022,155,5,6,Australia,Australia,bronze
Birmingham 2022,156,6,6,Australia,Australia,bronze
Birmingham 2022,157,7,6,Australia,Australia,bronze
Birmingham 2022,158,8,6,Australia,Australia,bronze
Birmingham 2022,159,9,6,Australia,Australia,bronze
Birmingham 2022,160,10,6,Australia,Australia,bronze
Birmingham 2022,161,11,6,Australia,Australia,bronze
Birmingham 2022,162,12,6,Australia,Australia,bronze
Birmingham 2022,163,13,6,Australia,Australia,bronze
Birmingham 2022,164,14,6,Australia,Australia,bronze
Birmingham 2022,165,15,6,Australia,Australia,bronze
Birmingham 2022,166,16,6,Australia,Australia,bronze
Birmingham 2022,167,17,6,Australia,Australia,bronze
Birmingham 2022,168,18,6,Australia,Australia,bronze
Birmingham 2022,169,19,6,Australia,Australia,bronze
Birmingham 2022,170,20,6,Australia,Australia,bronze
Birmingham 2022,171,21,6,Australia,Australia,bronze
Birmingham 2022,172,22,6,Australia,Australia,bronze
Birmingham 2022,173,23,6,Australia,Australia,bronze
Birmingham 2022,174,24,6,Australia,Australia,bronze
Birmingham 2022,175,0,7,Australia,Australia,bronze
Birmingham 2022,176,1,7,Australia,Australia,bronze
Birmingham 2022,177,2,7,Australia,Australia,bronze
Birmingham 2022,178,3,7,Australia,Australia,bronze
Birmingham 2022,179,4,7,Australia,Australia,bronze
Birmingham 2022,180,5,7,England,England,gold
Birmingham 2022,181,6,7,England,England,gold
Birmingham 2022,182,7,7,England,England,gold
Birmingham 2022,183,8,7,England,England,gold
Birmingham 2022,184,9,7,England,England,gold
Birmingham 2022,185,10,7,England,England,gold
Birmingham 2022,186,11,7,England,England,gold
Birmingham 2022,187,12,7,England,England,gold
Birmingham 2022,188,13,7,England,England,gold
Birmingham 2022,189,14,7,England,England,gold
Birmingham 2022,190,15,7,England,England,gold
Birmingham 2022,191,16,7,England,England,gold
Birmingham 2022,192,17,7,England,England,gold
Birmingham 2022,193,18,7,England,England,gold
Birmingham 2022,194,19,7,England,England,gold
Birmingham 2022,195,20,7,England,England,gold
Birmingham 2022,196,21,7,England,England,gold
Birmingham 2022,197,22,7,England,England,gold
Birmingham 2022,198,23,7,England,England,gold
Birmingham 2022,199,24,7,England,England,gold
Birmingham 2022,200,0,8,England,England,gold
Birmingham 2022,201,1,8,England,England,gold
Birmingham 2022,202,2,8,England,England,gold
Birmingham 2022,203,3,8,England,England,gold
Birmingham 2022,204,4,8,England,England,gold
Birmingham 2022,205,5,8,England,England,gold
Birmingham 2022,206,6,8,England,England,gold
Birmingham 2022,207,7,8,England,England,gold
Birmingham 2022,208,8,8,England,England,gold
Birmingham 2022,209,9,8,England,England,gold
Birmingham 2022,210,10,8,England,England,gold
Birmingham 2022,211,11,8,England,England,gold
Birmingham 2022,212,12,8,England,England,gold
Birmingham 2022,213,13,8,England,England,gold
Birmingham 2022,214,14,8,England,England,gold
Birmingham 2022,215,15,8,England,England,gold
Birmingham 2022,216,16,8,England,England,gold
Birmingham 2022,217,17,8,England,England,gold
Birmingham 2022,218,18,8,England,England,gold
Birmingham 2022,219,19,8,England,England,gold
Birmingham 2022,220,20,8,England,England,gold
Birmingham 2022,221,21,8,England,England,gold
Birmingham 2022,222,22,8,England,England,gold
Birmingham 2022,223,23,8,England,England,gold
Birmingham 2022,224,24,8,England,England,gold
Birmingham 2022,225,0,9,England,England,gold
Birmingham 2022,226,1,9,England,England,gold
Birmingham 2022,227,2,9,England,England,gold
Birmingham 2022,228,3,9,England,England,gold
Birmingham 2022,229,4,9,England,England,gold
Birmingham 2022,230,5,9,England,England,gold
Birmingham 2022,231,6,9,England,England,gold
Birmingham 2022,232,7,9,England,England,gold
Birmingham 2022,233,8,9,England,England,gold
Birmingham 2022,234,9,9,England,England,gold
Birmingham 2022,235,10,9,England,England,gold
Birmingham 2022,236,11,9,England,England,gold
Birmingham 2022,237,12,9,England,England,gold
Birmingham 2022,238,13,9,England,England,silver
Birmingham 2022,239,14,9,England,England,silver
Birmingham 2022,240,15,9,England,England,silver
Birmingham 2022,241,16,9,England,England,silver
Birmingham 2022,242,17,9,England,England,silver
Birmingham 2022,243,18,9,England,England,silver
Birmingham 2022,244,19,9,England,England,silver
Birmingham 2022,245,20,9,England,England,silver
Birmingham 2022,246,21,9,England,England,silver
Birmingham 2022,247,22,9,England,England,silver
Birmingham 2022,248,23,9,England,England,silver
Birmingham 2022,249,24,9,England,England,silver
Birmingham 2022,250,0,10,England,England,silver
Birmingham 2022,251,1,10,England,England,silver
Birmingham 2022,252,2,10,England,England,silver
Birmingham 2022,253,3,10,England,England,silver
Birmingham 2022,254,4,10,England,England,silver
Birmingham 2022,255,5,10,England,England,silver
Birmingham 2022,256,6,10,England,England,silver
Birmingham 2022,257,7,10,England,England,silver
Birmingham 2022,258,8,10,England,England,silver
Birmingham 2022,259,9,10,England,England,silver
Birmingham 2022,260,10,10,England,England,silver
Birmingham 2022,261,11,10,England,England,silver
Birmingham 2022,262,12,10,England,England,silver
Birmingham 2022,263,13,10,England,England,silver
Birmingham 2022,264,14,10,England,England,silver
Birmingham 2022,265,15,10,England,England,silver
Birmingham 2022,266,16,10,England,England,silver
Birmingham 2022,267,17,10,England,England,silver
Birmingham 2022,268,18,10,England,England,silver
Birmingham 2022,269,19,10,England,England,silver
Birmingham 2022,270,20,10,England,England,silver
Birmingham 2022,271,21,10,England,England,silver
Birmingham 2022,272,22,10,England,England,silver
Birmingham 2022,273,23,10,England,England,silver
Birmingham 2022,274,24,10,England,England,silver
Birmingham 2022,275,0,11,England,England,silver
Birmingham 2022,276,1,11,England,England,silver
Birmingham 2022,277,2,11,England,England,silver
Birmingham 2022,278,3,11,England,England,silver
Birmingham 2022,279,4,11,England,England,silver
Birmingham 2022,280,5,11,England,England,silver
Birmingham 2022,281,6,11,England,England,silver
Birmingham 2022,282,7,11,England,England,silver
Birmingham 2022,283,8,11,England,England,silver
Birmingham 2022,284,9,11,England,England,silver
Birmingham 2022,285,10,11,England,England,silver
Birmingham 2022,286,11,11,England,England,silver
Birmingham 2022,287,12,11,England,England,silver
Birmingham 2022,288,13,11,England,England,silver
Birmingham 2022,289,14,11,England,England,silver
Birmingham 2022,290,15,11,England,England,silver
Birmingham 2022,291,16,11,England,England,silver
Birmingham 2022,292,17,11,England,England,silver
Birmingham 2022,293,18,11,England,England,silver
Birmingham 2022,294,19,11,England,England,silver
Birmingham 2022,295,20,11,England,England,silver
Birmingham 2022,296,21,11,England,England,silver
Birmingham 2022,297,22,11,England,England,silver
Birmingham 2022,298,23,11,England,England,silver
Birmingham 2022,299,24,11,England,England,silver
Birmingham 2022,300,0,12,England,England,silver
Birmingham 2022,301,1,12,England,England,silver
Birmingham 2022,302,2,12,England,England,silver
Birmingham 2022,303,3,12,England,England,bronze
Birmingham 2022,304,4,12,England,England,bronze
Birmingham 2022,305,5,12,England,England,bronze
Birmingham 2022,306,6,12,England,England,bronze
Birmingham 2022,307,7,12,England,England,bronze
Birmingham 2022,308,8,12,England,England,bronze
Birmingham 2022,309,9,12,England,England,bronze
Birmingham 2022,310,10,12,England,England,bronze
Birmingham 2022,311,11,12,England,England,bronze
Birmingham 2022,312,12,12,England,England,bronze
Birmingham 2022,313,13,12,England,England,bronze
Birmingham 2022,314,14,12,England,England,bronze
Birmingham 2022,315,15,12,England,England,bronze
Birmingham 2022,316,16,12,England,England,bronze
Birmingham 2022,317,17,12,England,England,bronze
Birmingham 2022,318,18,12,England,England,bronze
Birmingham 2022,319,19,12,England,England,bronze
Birmingham 2022,320,20,12,England,England,bronze
Birmingham 2022,321,21,12,England,England,bronze
Birmingham 2022,322,22,12,England,England,bronze
Birmingham 2022,323,23,12,England,England,bronze
Birmingham 2022,324,24,12,England,England,bronze
Birmingham 2022,325,0,13,England,England,bronze
Birmingham 2022,326,1,13,England,England,bronze
Birmingham 2022,327,2,13,England,England,bronze
Birmingham 2022,328,3,13,England,England,bronze
Birmingham 2022,329,4,13,England,England,bronze
Birmingham 2022,330,5,13,England,England,bronze
Birmingham 2022,331,6,13,England,England,bronze
Birmingham 2022,332,7,13,England,England,bronze
Birmingham 2022,333,8,13,England,England,bronze
Birmingham 2022,334,9,13,England,England,bronze
Birmingham 2022,335,10,13,England,England,bronze
Birmingham 2022,336,11,13,England,England,bronze
Birmingham 2022,337,12,13,England,England,bronze
Birmingham 2022,338,13,13,England,England,bronze
Birmingham 2022,339,14,13,England,England,bronze
Birmingham 2022,340,15,13,England,England,bronze
Birmingham 2022,341,16,13,England,England,bronze
Birmingham 2022,342,17,13,England,England,bronze
Birmingham 2022,343,18,13,England,England,bronze
Birmingham 2022,344,19,13,England,England,bronze
Birmingham 2022,345,20,13,England,England,bronze
Birmingham 2022,346,21,13,England,England,bronze
Birmingham 2022,347,22,13,England,England,bronze
Birmingham 2022,348,23,13,England,England,bronze
Birmingham 2022,349,24,13,England,England,bronze
Birmingham 2022,350,0,14,England,England,bronze
Birmingham 2022,351,1,14,England,England,bronze
Birmingham 2022,352,2,14,England,England,bronze
Birmingham 2022,353,3,14,England,England,bronze
Birmingham 2022,354,4,14,England,England,bronze
Birmingham 2022,355,5,14,England,England,bronze
Birmingham 2022,356,6,14,Canada,Canada,gold
Birmingham 2022,357,7,14,Canada,Canada,gold
Birmingham 2022,358,8,14,Canada,Canada,gold
Birmingham 2022,359,9,14,Canada,Canada,gold
Birmingham 2022,360,10,14,Canada,Canada,gold
Birmingham 2022,361,11,14,Canada,Canada,gold
Birmingham 2022,362,12,14,Canada,Canada,gold
Birmingham 2022,363,13,14,Canada,Canada,gold
Birmingham 2022,364,14,14,Canada,Canada,gold
Birmingham 2022,365,15,14,Canada,Canada,gold
Birmingham 2022,366,16,14,Canada,Canada,gold
Birmingham 2022,367,17,14,Canada,Canada,gold
Birmingham 2022,368,18,14,Canada,Canada,gold
Birmingham 2022,369,19,14,Canada,Canada,gold
Birmingham 2022,370,20,14,Canada,Canada,gold
Birmingham 2022,371,21,14,Canada,Canada,gold
Birmingham 2022,372,22,14,Canada,Canada,gold
Birmingham 2022,373,23,14,Canada,Canada,gold
Birmingham 2022,374,24,14,Canada,Canada,gold
Birmingham 2022,375,0,15,Canada,Canada,gold
Birmingham 2022,376,1,15,Canada,Canada,gold
Birmingham 2022,377,2,15,Canada,Canada,gold
Birmingham 2022,378,3,15,Canada,Canada,gold
Birmingham 2022,379,4,15,Canada,Canada,gold
Birmingham 2022,380,5,15,Canada,Canada,gold
Birmingham 2022,381,6,15,Canada,Canada,gold
Birmingham 2022,382,7,15,Canada,Canada,silver
Birmingham 2022,383,8,15,Canada,Canada,silver
Birmingham 2022,384,9,15,Canada,Canada,silver
Birmingham 2022,385,10,15,Canada,Canada,silver
Birmingham 2022,386,11,15,Canada,Canada,silver
Birmingham 2022,387,12,15,Canada,Canada,silver
Birmingham 2022,388,13,15,Canada,Canada,silver
Birmingham 2022,389,14,15,Canada,Canada,silver
Birmingham 2022,390,15,15,Canada,Canada,silver
Birmingham 2022,391,16,15,Canada,Canada,silver
Birmingham 2022,392,17,15,Canada,Canada,silver
Birmingham 2022,393,18,15,Canada,Canada,silver
Birmingham 2022,394,19,15,Canada,Canada,silver
Birmingham 2022,395,20,15,Canada,Canada,silver
Birmingham 2022,396,21,15,Canada,Canada,silver
Birmingham 2022,397,22,15,Canada,Canada,silver
Birmingham 2022,398,23,15,Canada,Canada,silver
Birmingham 2022,399,24,15,Canada,Canada,silver
Birmingham 2022,400,0,16,Canada,Canada,silver
Birmingham 2022,401,1,16,Canada,Canada,silver
Birmingham 2022,402,2,16,Canada,Canada,silver
Birmingham 2022,403,3,16,Canada,Canada,silver
Birmingham 2022,404,4,16,Canada,Canada,silver
Birmingham 2022,405,5,16,Canada,Canada,silver
Birmingham 2022,406,6,16,Canada,Canada,silver
Birmingham 2022,407,7,16,Canada,Canada,silver
Birmingham 2022,408,8,16,Canada,Canada,silver
Birmingham 2022,409,9,16,Canada,Canada,silver
Birmingham 2022,410,10,16,Canada,Canada,silver
Birmingham 2022,411,11,16,Canada,Canada,silver
Birmingham 2022,412,12,16,Canada,Canada,silver
Birmingham 2022,413,13,16,Canada,Canada,silver
Birmingham 2022,414,14,16,Canada,Canada,bronze
Birmingham 2022,415,15,16,Canada,Canada,bronze
Birmingham 2022,416,16,16,Canada,Canada,bronze
Birmingham 2022,417,17,16,Canada,Canada,bronze
Birmingham 2022,418,18,16,Canada,Canada,bronze
Birmingham 2022,419,19,16,Canada,Canada,bronze
Birmingham 2022,420,20,16,Canada,Canada,bronze
Birmingham 2022,421,21,16,Canada,Canada,bronze
Birmingham 2022,422,22,16,Canada,Canada,bronze
Birmingham 2022,423,23,16,Canada,Canada,bronze
Birmingham 2022,424,24,16,Canada,Canada,bronze
Birmingham 2022,425,0,17,Canada,Canada,bronze
Birmingham 2022,426,1,17,Canada,Canada,bronze
Birmingham 2022,427,2,17,Canada,Canada,bronze
Birmingham 2022,428,3,17,Canada,Canada,bronze
Birmingham 2022,429,4,17,Canada,Canada,bronze
Birmingham 2022,430,5,17,Canada,Canada,bronze
Birmingham 2022,431,6,17,Canada,Canada,bronze
Birmingham 2022,432,7,17,Canada,Canada,bronze
Birmingham 2022,433,8,17,Canada,Canada,bronze
Birmingham 2022,434,9,17,Canada,Canada,bronze
Birmingham 2022,435,10,17,Canada,Canada,bronze
Birmingham 2022,436,11,17,Canada,Canada,bronze
Birmingham 2022,437,12,17,Canada,Canada,bronze
Birmingham 2022,438,13,17,Canada,Canada,bronze
Birmingham 2022,439,14,17,Canada,Canada,bronze
Birmingham 2022,440,15,17,Canada,Canada,bronze
Birmingham 2022,441,16,17,Canada,Canada,bronze
Birmingham 2022,442,17,17,Canada,Canada,bronze
Birmingham 2022,443,18,17,Canada,Canada,bronze
Birmingham 2022,444,19,17,Canada,Canada,bronze
Birmingham 2022,445,20,17,Canada,Canada,bronze
Birmingham 2022,446,21,17,Canada,Canada,bronze
Birmingham 2022,447,22,17,Canada,Canada,bronze
Birmingham 2022,448,23,17,Rest of the Commonwealth,India,gold
Birmingham 2022,449,24,17,Rest of the Commonwealth,India,gold
Birmingham 2022,450,0,18,Rest of the Commonwealth,India,gold
Birmingham 2022,451,1,18,Rest of the Commonwealth,India,gold
Birmingham 2022,452,2,18,Rest of the Commonwealth,India,gold
Birmingham 2022,453,3,18,Rest of the Commonwealth,India,gold
Birmingham 2022,454,4,18,Rest of the Commonwealth,India,gold
Birmingham 2022,455,5,18,Rest of the Commonwealth,India,gold
Birmingham 2022,456,6,18,Rest of the Commonwealth,India,gold
Birmingham 2022,457,7,18,Rest of the Commonwealth,India,gold
Birmingham 2022,458,8,18,Rest of the Commonwealth,India,gold
Birmingham 2022,459,9,18,Rest of the Commonwealth,India,gold
Birmingham 2022,460,10,18,Rest of the Commonwealth,India,gold
Birmingham 2022,461,11,18,Rest of the Commonwealth,India,gold
Birmingham 2022,462,12,18,Rest of the Commonwealth,India,gold
Birmingham 2022,463,13,18,Rest of the Commonwealth,India,gold
Birmingham 2022,464,14,18,Rest of the Commonwealth,India,gold
Birmingham 2022,465,15,18,Rest of the Commonwealth,India,gold
Birmingham 2022,466,16,18,Rest of the Commonwealth,India,gold
Birmingham 2022,467,17,18,Rest of the Commonwealth,India,gold
Birmingham 2022,468,18,18,Rest of the Commonwealth,India,gold
Birmingham 2022,469,19,18,Rest of the Commonwealth,New Zealand,gold
Birmingham 2022,470,20,18,Rest of the Commonwealth,New Zealand,gold
Birmingham 2022,471,21,18,Rest of the Commonwealth,New Zealand,gold
Birmingham 2022,472,22,18,Rest of the Commonwealth,New Zealand,gold
Birmingham 2022,473,23,18,Rest of the Commonwealth,New Zealand,gold
Birmingham 2022,474,24,18,Rest of the Commonwealth,New Zealand,gold
Birmingham 2022,475,0,19,Rest of the Commonwealth,New Zealand,gold
Birmingham 2022,476,1,19,Rest of the Commonwealth,New Zealand,gold
Birmingham 2022,477,2,19,Rest of the Commonwealth,New Zealand,gold
Birmingham 2022,478,3,19,Rest of the Commonwealth,New Zealand,gold
Birmingham 2022,479,4,19,Rest of the Commonwealth,New Zealand,gold
Birmingham 2022,480,5,19,Rest of the Commonwealth,New Zealand,gold
Birmingham 2022,481,6,19,Rest of the Commonwealth,New Zealand,gold
Birmingham 2022,482,7,19,Rest of the Commonwealth,New Zealand,gold
Birmingham 2022,483,8,19,Rest of the Commonwealth,New Zealand,gold
Birmingham 2022,484,9,19,Rest of the Commonwealth,New Zealand,gold
Birmingham 2022,485,10,19,Rest of the Commonwealth,New Zealand,gold
Birmingham 2022,486,11,19,Rest of the Commonwealth,New Zealand,gold
Birmingham 2022,487,12,19,Rest of the Commonwealth,New Zealand,gold
Birmingham 2022,488,13,19,Rest of the Commonwealth,New Zealand,gold
Birmingham 2022,489,14,19,Rest of the Commonwealth,Scotland,gold
Birmingham 2022,490,15,19,Rest of the Commonwealth,Scotland,gold
Birmingham 2022,491,16,19,Rest of the Commonwealth,Scotland,gold
Birmingham 2022,492,17,19,Rest of the Commonwealth,Scotland,gold
Birmingham 2022,493,18,19,Rest of the Commonwealth,Scotland,gold
Birmingham 2022,494,19,19,Rest of the Commonwealth,Scotland,gold
Birmingham 2022,495,20,19,Rest of the Commonwealth,Scotland,gold
Birmingham 2022,496,21,19,Rest of the Commonwealth,Scotland,gold
Birmingham 2022,497,22,19,Rest of the Commonwealth,Scotland,gold
Birmingham 2022,498,23,19,Rest of the Commonwealth,Scotland,gold
Birmingham 2022,499,24,19,Rest of the Commonwealth,Scotland,gold
Birmingham 2022,500,0,20,Rest of the Commonwealth,Scotland,gold
Birmingham 2022,501,1,20,Rest of the Commonwealth,Scotland,gold
Birmingham 2022,502,2,20,Rest of the Commonwealth,Nigeria,gold
Birmingham 2022,503,3,20,Rest of the Commonwealth,Nigeria,gold
Birmingham 2022,504,4,20,Rest of the Commonwealth,Nigeria,gold
Birmingham 2022,505,5,20,Rest of the Commonwealth,Nigeria,gold
Birmingham 2022,506,6,20,Rest of the Commonwealth,Nigeria,gold
Birmingham 2022,507,7,20,Rest of the Commonwealth,Nigeria,gold
Birmingham 2022,508,8,20,Rest of the Commonwealth,Nigeria,gold
Birmingham 2022,509,9,20,Rest of the Commonwealth,Nigeria,gold
Birmingham 2022,510,10,20,Rest of the Commonwealth,Nigeria,gold
Birmingham 2022,511,11,20,Rest of the Commonwealth,Nigeria,gold
Birmingham 2022,512,12,20,Rest of the Commonwealth,Nigeria,gold
Birmingham 2022,513,13,20,Rest of the Commonwealth,Nigeria,gold
Birmingham 2022,514,14,20,Rest of the Commonwealth,Wales,gold
Birmingham 2022,515,15,20,Rest of the Commonwealth,Wales,gold
Birmingham 2022,516,16,20,Rest of the Commonwealth,Wales,gold
Birmingham 2022,517,17,20,Rest of the Commonwealth,Wales,gold
Birmingham 2022,518,18,20,Rest of the Commonwealth,Wales,gold
Birmingham 2022,519,19,20,Rest of the Commonwealth,Wales,gold
Birmingham 2022,520,20,20,Rest of the Commonwealth,Wales,gold
Birmingham 2022,521,21,20,Rest of the Commonwealth,Wales,gold
Birmingham 2022,522,22,20,Rest of the Commonwealth,South Africa,gold
Birmingham 2022,523,23,20,Rest of the Commonwealth,South Africa,gold
Birmingham 2022,524,24,20,Rest of the Commonwealth,South Africa,gold
Birmingham 2022,525,0,21,Rest of the Commonwealth,South Africa,gold
Birmingham 2022,526,1,21,Rest of the Commonwealth,South Africa,gold
Birmingham 2022,527,2,21,Rest of the Commonwealth,South Africa,gold
Birmingham 2022,528,3,21,Rest of the Commonwealth,South Africa,gold
Birmingham 2022,529,4,21,Rest of the Commonwealth,Malaysia,gold
Birmingham 2022,530,5,21,Rest of the Commonwealth,Malaysia,gold
Birmingham 2022,531,6,21,Rest of the Commonwealth,Malaysia,gold
Birmingham 2022,532,7,21,Rest of the Commonwealth,Malaysia,gold
Birmingham 2022,533,8,21,Rest of the Commonwealth,Malaysia,gold
Birmingham 2022,534,9,21,Rest of the Commonwealth,Malaysia,gold
Birmingham 2022,535,10,21,Rest of the Commonwealth,Malaysia,gold
Birmingham 2022,536,11,21,Rest of the Commonwealth,Northern Ireland,gold
Birmingham 2022,537,12,21,Rest of the Commonwealth,Northern Ireland,gold
Birmingham 2022,538,13,21,Rest of the Commonwealth,Northern Ireland,gold
Birmingham 2022,539,14,21,Rest of the Commonwealth,Northern Ireland,gold
Birmingham 2022,540,15,21,Rest of the Commonwealth,Northern Ireland,gold
Birmingham 2022,541,16,21,Rest of the Commonwealth,Northern Ireland,gold
Birmingham 2022,542,17,21,Rest of the Commonwealth,Northern Ireland,gold
Birmingham 2022,543,18,21,Rest of the Commonwealth,Jamaica,gold
Birmingham 2022,544,19,21,Rest of the Commonwealth,Jamaica,gold
Birmingham 2022,545,20,21,Rest of the Commonwealth,Jamaica,gold
Birmingham 2022,546,21,21,Rest of the Commonwealth,Jamaica,gold
Birmingham 2022,547,22,21,Rest of the Commonwealth,Jamaica,gold
Birmingham 2022,548,23,21,Rest of the Commonwealth,Jamaica,gold
Birmingham 2022,549,24,21,Rest of the Commonwealth,Kenya,gold
Birmingham 2022,550,0,22,Rest of the Commonwealth,Kenya,gold
Birmingham 2022,551,1,22,Rest of the Commonwealth,Kenya,gold
Birmingham 2022,552,2,22,Rest of the Commonwealth,Kenya,gold
Birmingham 2022,553,3,22,Rest of the Commonwealth,Kenya,gold
Birmingham 2022,554,4,22,Rest of the Commonwealth,Kenya,gold
Birmingham 2022,555,5,22,Rest of the Commonwealth,Singapore,gold
Birmingham 2022,556,6,22,Rest of the Commonwealth,Singapore,gold
Birmingham 2022,557,7,22,Rest of the Commonwealth,Singapore,gold
Birmingham 2022,558,8,22,Rest of the Commonwealth,Singapore,gold
Birmingham 2022,559,9,22,Rest of the Commonwealth,Trinidad and Tobago,gold
Birmingham 2022,560,10,22,Rest of the Commonwealth,Trinidad and Tobago,gold
Birmingham 2022,561,11,22,Rest of the Commonwealth,Trinidad and Tobago,gold
Birmingham 2022,562,12,22,Rest of the Commonwealth,Uganda,gold
Birmingham 2022,563,13,22,Rest of the Commonwealth,Uganda,gold
Birmingham 2022,564,14,22,Rest of the Commonwealth,Uganda,gold
Birmingham 2022,565,15,22,Rest of the Commonwealth,Cyprus,gold
Birmingham 2022,566,16,22,Rest of the Commonwealth,Cyprus,gold
Birmingham 2022,567,17,22,Rest of the Commonwealth,Pakistan,gold
Birmingham 2022,568,18,22,Rest of the Commonwealth,Pakistan,gold
Birmingham 2022,569,19,22,Rest of the Commonwealth,Samoa,gold
Birmingham 2022,570,20,22,Rest of the Commonwealth,Cameroon,gold
Birmingham 2022,571,21,22,Rest of the Commonwealth,Barbados,gold
Birmingham 2022,572,22,22,Rest of the Commonwealth,Zambia,gold
Birmingham 2022,573,23,22,Rest of the Commonwealth,Grenada,gold
Birmingham 2022,574,24,22,Rest of the Commonwealth,Bahamas,gold
Birmingham 2022,575,0,23,Rest of the Commonwealth,Bermuda,gold
Birmingham 2022,576,1,23,Rest of the Commonwealth,British Virgin Islands,gold
Birmingham 2022,577,2,23,Rest of the Commonwealth,India,silver
Birmingham 2022,578,3,23,Rest of the Commonwealth,India,silver
Birmingham 2022,579,4,23,Rest of the Commonwealth,India,silver
Birmingham 2022,580,5,23,Rest of the Commonwealth,India,silver
Birmingham 2022,581,6,23,Rest of the Commonwealth,India,silver
Birmingham 2022,582,7,23,Rest of the Commonwealth,India,silver
Birmingham 2022,583,8,23,Rest of the Commonwealth,India,silver
Birmingham 2022,584,9,23,Rest of the Commonwealth,India,silver
Birmingham 2022,585,10,23,Rest of the Commonwealth,India,silver
Birmingham 2022,586,11,23,Rest of the Commonwealth,India,silver
Birmingham 2022,587,12,23,Rest of the Commonwealth,India,silver
Birmingham 2022,588,13,23,Rest of the Commonwealth,India,silver
Birmingham 2022,589,14,23,Rest of the Commonwealth,India,silver
Birmingham 2022,590,15,23,Rest of the Commonwealth,India,silver
Birmingham 2022,591,16,23,Rest of the Commonwealth,India,silver
Birmingham 2022,592,17,23,Rest of the Commonwealth,India,silver
Birmingham 2022,593,18,23,Rest of the Commonwealth,New Zealand,silver
Birmingham 2022,594,19,23,Rest of the Commonwealth,New Zealand,silver
Birmingham 2022,595,20,23,Rest of the Commonwealth,New Zealand,silver
Birmingham 2022,596,21,23,Rest of the Commonwealth,New Zealand,silver
Birmingham 2022,597,22,23,Rest of the Commonwealth,New Zealand,silver
Birmingham 2022,598,23,23,Rest of the Commonwealth,New Zealand,silver
Birmingham 2022,599,24,23,Rest of the Commonwealth,New Zealand,silver
Birmingham 2022,600,0,24,Rest of the Commonwealth,New Zealand,silver
Birmingham 2022,601,1,24,Rest of the Commonwealth,New Zealand,silver
Birmingham 2022,602,2,24,Rest of the Commonwealth,New Zealand,silver
Birmingham 2022,603,3,24,Rest of the Commonwealth,New Zealand,silver
Birmingham 2022,604,4,24,Rest of the Commonwealth,New Zealand,silver
Birmingham 2022,605,5,24,Rest of the Commonwealth,Scotland,silver
Birmingham 2022,606,6,24,Rest of the Commonwealth,Scotland,silver
Birmingham 2022,607,7,24,Rest of the Commonwealth,Scotland,silver
Birmingham 2022,608,8,24,Rest of the Commonwealth,Scotland,silver
Birmingham 2022,609,9,24,Rest of the Commonwealth,Scotland,silver
Birmingham 2022,610,10,24,Rest of the Commonwealth,Scotland,silver
Birmingham 2022,611,11,24,Rest of the Commonwealth,Scotland,silver
Birmingham 2022,612,12,24,Rest of the Commonwealth,Scotland,silver
Birmingham 2022,613,13,24,Rest of the Commonwealth,Scotland,silver
Birmingham 2022,614,14,24,Rest of the Commonwealth,Scotland,silver
Birmingham 2022,615,15,24,Rest of the Commonwealth,Scotland,silver
Birmingham 2022,616,16,24,Rest of the Commonwealth,Scotland,silver
Birmingham 2022,617,17,24,Rest of the Commonwealth,Nigeria,silver
Birmingham 2022,618,18,24,Rest of the Commonwealth,Nigeria,silver
Birmingham 2022,619,19,24,Rest of the Commonwealth,Nigeria,silver
Birmingham 2022,620,20,24,Rest of the Commonwealth,Nigeria,silver
Birmingham 2022,621,21,24,Rest of the Commonwealth,Nigeria,silver
Birmingham 2022,622,22,24,Rest of the Commonwealth,Nigeria,silver
Birmingham 2022,623,23,24,Rest of the Commonwealth,Nigeria,silver
Birmingham 2022,624,24,24,Rest of the Commonwealth,Nigeria,silver
Birmingham 2022,625,0,25,Rest of the Commonwealth,Wales,silver
Birmingham 2022,626,1,25,Rest of the Commonwealth,Wales,silver
Birmingham 2022,627,2,25,Rest of the Commonwealth,Wales,silver
Birmingham 2022,628,3,25,Rest of the Commonwealth,Wales,silver
Birmingham 2022,629,4,25,Rest of the Commonwealth,Wales,silver
Birmingham 2022,630,5,25,Rest of the Commonwealth,Wales,silver
Birmingham 2022,631,6,25,Rest of the Commonwealth,South Africa,silver
Birmingham 2022,632,7,25,Rest of the Commonwealth,South Africa,silver
Birmingham 2022,633,8,25,Rest of the Commonwealth,South Africa,silver
Birmingham 2022,634,9,25,Rest of the Commonwealth,South Africa,silver
Birmingham 2022,635,10,25,Rest of the Commonwealth,South Africa,silver
Birmingham 2022,636,11,25,Rest of the Commonwealth,South Africa,silver
Birmingham 2022,637,12,25,Rest of the Commonwealth,South Africa,silver
Birmingham 2022,638,13,25,Rest of the Commonwealth,South Africa,silver
Birmingham 2022,639,14,25,Rest of the Commonwealth,South Africa,silver
Birmingham 2022,640,15,25,Rest of the Commonwealth,Malaysia,silver
Birmingham 2022,641,16,25,Rest of the Commonwealth,Malaysia,silver
Birmingham 2022,642,17,25,Rest of the Commonwealth,Malaysia,silver
Birmingham 2022,643,18,25,Rest of the Commonwealth,Malaysia,silver
Birmingham 2022,644,19,25,Rest of the Commonwealth,Malaysia,silver
Birmingham 2022,645,20,25,Rest of the Commonwealth,Malaysia,silver
Birmingham 2022,646,21,25,Rest of the Commonwealth,Malaysia,silver
Birmingham 2022,647,22,25,Rest of the Commonwealth,Malaysia,silver
Birmingham 2022,648,23,25,Rest of the Commonwealth,Northern Ireland,silver
Birmingham 2022,649,24,25,Rest of the Commonwealth,Northern Ireland,silver
Birmingham 2022,650,0,26,Rest of the Commonwealth,Northern Ireland,silver
Birmingham 2022,651,1,26,Rest of the Commonwealth,Northern Ireland,silver
Birmingham 2022,652,2,26,Rest of the Commonwealth,Northern Ireland,silver
Birmingham 2022,653,3,26,Rest of the Commonwealth,Northern Ireland,silver
Birmingham 2022,654,4,26,Rest of the Commonwealth,Northern Ireland,silver
Birmingham 2022,655,5,26,Rest of the Commonwealth,Jamaica,silver
Birmingham 2022,656,6,26,Rest of the Commonwealth,Jamaica,silver
Birmingham 2022,657,7,26,Rest of the Commonwealth,Jamaica,silver
Birmingham 2022,658,8,26,Rest of the Commonwealth,Jamaica,silver
Birmingham 2022,659,9,26,Rest of the Commonwealth,Jamaica,silver
Birmingham 2022,660,10,26,Rest of the Commonwealth,Jamaica,silver
Birmingham 2022,661,11,26,Rest of the Commonwealth,Jamaica,silver
Birmingham 2022,662,12,26,Rest of the Commonwealth,Kenya,silver
Birmingham 2022,663,13,26,Rest of the Commonwealth,Kenya,silver
Birmingham 2022,664,14,26,Rest of the Commonwealth,Kenya,silver
Birmingham 2022,665,15,26,Rest of the Commonwealth,Kenya,silver
Birmingham 2022,666,16,26,Rest of the Commonwealth,Kenya,silver
Birmingham 2022,667,17,26,Rest of the Commonwealth,Singapore,silver
Birmingham 2022,668,18,26,Rest of the Commonwealth,Singapore,silver
Birmingham 2022,669,19,26,Rest of the Commonwealth,Singapore,silver
Birmingham 2022,670,20,26,Rest of the Commonwealth,Singapore,silver
Birmingham 2022,671,21,26,Rest of the Commonwealth,Trinidad and Tobago,silver
Birmingham 2022,672,22,26,Rest of the Commonwealth,Trinidad and Tobago,silver
Birmingham 2022,673,23,26,Rest of the Commonwealth,Cyprus,silver
Birmingham 2022,674,24,26,Rest of the Commonwealth,Cyprus,silver
Birmingham 2022,675,0,27,Rest of the Commonwealth,Cyprus,silver
Birmingham 2022,676,1,27,Rest of the Commonwealth,Pakistan,silver
Birmingham 2022,677,2,27,Rest of the Commonwealth,Pakistan,silver
Birmingham 2022,678,3,27,Rest of the Commonwealth,Pakistan,silver
Birmingham 2022,679,4,27,Rest of the Commonwealth,Samoa,silver
Birmingham 2022,680,5,27,Rest of the Commonwealth,Samoa,silver
Birmingham 2022,681,6,27,Rest of the Commonwealth,Samoa,silver
Birmingham 2022,682,7,27,Rest of the Commonwealth,Samoa,silver
Birmingham 2022,683,8,27,Rest of the Commonwealth,Cameroon,silver
Birmingham 2022,684,9,27,Rest of the Commonwealth,Barbados,silver
Birmingham 2022,685,10,27,Rest of the Commonwealth,Zambia,silver
Birmingham 2022,686,11,27,Rest of the Commonwealth,Grenada,silver
Birmingham 2022,687,12,27,Rest of the Commonwealth,Bahamas,silver
Birmingham 2022,688,13,27,Rest of the Commonwealth,Mauritius,silver
Birmingham 2022,689,14,27,Rest of the Commonwealth,Mauritius,silver
Birmingham 2022,690,15,27,Rest of the Commonwealth,Mauritius,silver
Birmingham 2022,691,16,27,Rest of the Commonwealth,Ghana,silver
Birmingham 2022,692,17,27,Rest of the Commonwealth,Ghana,silver
Birmingham 2022,693,18,27,Rest of the Commonwealth,Fiji,silver
Birmingham 2022,694,19,27,Rest of the Commonwealth,Fiji,silver
Birmingham 2022,695,20,27,Rest of the Commonwealth,Mozambique,silver
Birmingham 2022,696,21,27,Rest of the Commonwealth,Mozambique,silver
Birmingham 2022,697,22,27,Rest of the Commonwealth,Sri Lanka,silver
Birmingham 2022,698,23,27,Rest of the Commonwealth,Tanzania,silver
Birmingham 2022,699,24,27,Rest of the Commonwealth,Guernsey,silver
Birmingham 2022,700,0,28,Rest of the Commonwealth,Botswana,silver
Birmingham 2022,701,1,28,Rest of the Commonwealth,Saint Lucia,silver
Birmingham 2022,702,2,28,Rest of the Commonwealth,Dominica,silver
Birmingham 2022,703,3,28,Rest of the Commonwealth,Papua New Guinea,silver
Birmingham 2022,704,4,28,Rest of the Commonwealth,The Gambia,silver
Birmingham 2022,705,5,28,Rest of the Commonwealth,India,bronze
Birmingham 2022,706,6,28,Rest of the Commonwealth,India,bronze
Birmingham 2022,707,7,28,Rest of the Commonwealth,India,bronze
Birmingham 2022,708,8,28,Rest of the Commonwealth,India,bronze
Birmingham 2022,709,9,28,Rest of the Commonwealth,India,bronze
Birmingham 2022,710,10,28,Rest of the Commonwealth,India,bronze
Birmingham 2022,711,11,28,Rest of the Commonwealth,India,bronze
Birmingham 2022,712,12,28,Rest of the Commonwealth,India,bronze
Birmingham 2022,713,13,28,Rest of the Commonwealth,India,bronze
Birmingham 2022,714,14,28,Rest of the Commonwealth,India,bronze
Birmingham 2022,715,15,28,Rest of the Commonwealth,India,bronze
Birmingham 2022,716,16,28,Rest of the Commonwealth,India,bronze
Birmingham 2022,717,17,28,Rest of the Commonwealth,India,bronze
Birmingham 2022,718,18,28,Rest of the Commonwealth,India,bronze
Birmingham 2022,719,19,28,Rest of the Commonwealth,India,bronze
Birmingham 2022,720,20,28,Rest of the Commonwealth,India,bronze
Birmingham 2022,721,21,28,Rest of the Commonwealth,India,bronze
Birmingham 2022,722,22,28,Rest of the Commonwealth,India,bronze
Birmingham 2022,723,23,28,Rest of the Commonwealth,India,bronze
Birmingham 2022,724,24,28,Rest of the Commonwealth,India,bronze
Birmingham 2022,725,0,29,Rest of the Commonwealth,India,bronze
Birmingham 2022,726,1,29,Rest of the Commonwealth,India,bronze
Birmingham 2022,727,2,29,Rest of the Commonwealth,India,bronze
Birmingham 2022,728,3,29,Rest of the Commonwealth,New Zealand,bronze
Birmingham 2022,729,4,29,Rest of the Commonwealth,New Zealand,bronze
Birmingham 2022,730,5,29,Rest of the Commonwealth,New Zealand,bronze
Birmingham 2022,731,6,29,Rest of the Commonwealth,New Zealand,bronze
Birmingham 2022,732,7,29,Rest of the Commonwealth,New Zealand,bronze
Birmingham 2022,733,8,29,Rest of the Commonwealth,New Zealand,bronze
Birmingham 2022,734,9,29,Rest of the Commonwealth,New Zealand,bronze
Birmingham 2022,735,10,29,Rest of the Commonwealth,New Zealand,bronze
Birmingham 2022,736,11,29,Rest of the Commonwealth,New Zealand,bronze
Birmingham 2022,737,12,29,Rest of the Commonwealth,New Zealand,bronze
Birmingham 2022,738,13,29,Rest of the Commonwealth,New Zealand,bronze
Birmingham 2022,739,14,29,Rest of the Commonwealth,New Zealand,bronze
Birmingham 2022,740,15,29,Rest of the Commonwealth,New Zealand,bronze
Birmingham 2022,741,16,29,Rest of the Commonwealth,New Zealand,bronze
Birmingham 2022,742,17,29,Rest of the Commonwealth,New Zealand,bronze
Birmingham 2022,743,18,29,Rest of the Commonwealth,New Zealand,bronze
Birmingham 2022,744,19,29,Rest of the Commonwealth,New Zealand,bronze
Birmingham 2022,745,20,29,Rest of the Commonwealth,New Zealand,bronze
Birmingham 2022,746,21,29,Rest of the Commonwealth,Scotland,bronze
Birmingham 2022,747,22,29,Rest of the Commonwealth,Scotland,bronze
Birmingham 2022,748,23,29,Rest of the Commonwealth,Scotland,bronze
Birmingham 2022,749,24,29,Rest of the Commonwealth,Scotland,bronze
Birmingham 2022,750,0,30,Rest of the Commonwealth,Scotland,bronze
Birmingham 2022,751,1,30,Rest of the Commonwealth,Scotland,bronze
Birmingham 2022,752,2,30,Rest of the Commonwealth,Scotland,bronze
Birmingham 2022,753,3,30,Rest of the Commonwealth,Scotland,bronze
Birmingham 2022,754,4,30,Rest of the Commonwealth,Scotland,bronze
Birmingham 2022,755,5,30,Rest of the Commonwealth,Scotland,bronze
Birmingham 2022,756,6,30,Rest of the Commonwealth,Scotland,bronze
Birmingham 2022,757,7,30,Rest of the Commonwealth,Scotland,bronze
Birmingham 2022,758,8,30,Rest of the Commonwealth,Scotland,bronze
Birmingham 2022,759,9,30,Rest of the Commonwealth,Scotland,bronze
Birmingham 2022,760,10,30,Rest of the Commonwealth,Scotland,bronze
Birmingham 2022,761,11,30,Rest of the Commonwealth,Scotland,bronze
Birmingham 2022,762,12,30,Rest of the Commonwealth,Scotland,bronze
Birmingham 2022,763,13,30,Rest of the Commonwealth,Scotland,bronze
Birmingham 2022,764,14,30,Rest of the Commonwealth,Scotland,bronze
Birmingham 2022,765,15,30,Rest of the Commonwealth,Scotland,bronze
Birmingham 2022,766,16,30,Rest of the Commonwealth,Scotland,bronze
Birmingham 2022,767,17,30,Rest of the Commonwealth,Scotland,bronze
Birmingham 2022,768,18,30,Rest of the Commonwealth,Scotland,bronze
Birmingham 2022,769,19,30,Rest of the Commonwealth,Scotland,bronze
Birmingham 2022,770,20,30,Rest of the Commonwealth,Scotland,bronze
Birmingham 2022,771,21,30,Rest of the Commonwealth,Scotland,bronze
Birmingham 2022,772,22,30,Rest of the Commonwealth,Nigeria,bronze
Birmingham 2022,773,23,30,Rest of the Commonwealth,Nigeria,bronze
Birmingham 2022,774,24,30,Rest of the Commonwealth,Nigeria,bronze
Birmingham 2022,775,0,31,Rest of the Commonwealth,Nigeria,bronze
Birmingham 2022,776,1,31,Rest of the Commonwealth,Nigeria,bronze
Birmingham 2022,777,2,31,Rest of the Commonwealth,Nigeria,bronze
Birmingham 2022,778,3,31,Rest of the Commonwealth,Nigeria,bronze
Birmingham 2022,779,4,31,Rest of the Commonwealth,Nigeria,bronze
Birmingham 2022,780,5,31,Rest of the Commonwealth,Nigeria,bronze
Birmingham 2022,781,6,31,Rest of the Commonwealth,Nigeria,bronze
Birmingham 2022,782,7,31,Rest of the Commonwealth,Nigeria,bronze
Birmingham 2022,783,8,31,Rest of the Commonwealth,Nigeria,bronze
Birmingham 2022,784,9,31,Rest of the Commonwealth,Nigeria,bronze
Birmingham 2022,785,10,31,Rest of the Commonwealth,Nigeria,bronze
Birmingham 2022,786,11,31,Rest of the Commonwealth,Wales,bronze
Birmingham 2022,787,12,31,Rest of the Commonwealth,Wales,bronze
Birmingham 2022,788,13,31,Rest of the Commonwealth,Wales,bronze
Birmingham 2022,789,14,31,Rest of the Commonwealth,Wales,bronze
Birmingham 2022,790,15,31,Rest of the Commonwealth,Wales,bronze
Birmingham 2022,791,16,31,Rest of the Commonwealth,Wales,bronze
Birmingham 2022,792,17,31,Rest of the Commonwealth,Wales,bronze
Birmingham 2022,793,18,31,Rest of the Commonwealth,Wales,bronze
Birmingham 2022,794,19,31,Rest of the Commonwealth,Wales,bronze
Birmingham 2022,795,20,31,Rest of the Commonwealth,Wales,bronze
Birmingham 2022,796,21,31,Rest of the Commonwealth,Wales,bronze
Birmingham 2022,797,22,31,Rest of the Commonwealth,Wales,bronze
Birmingham 2022,798,23,31,Rest of the Commonwealth,Wales,bronze
Birmingham 2022,799,24,31,Rest of the Commonwealth,Wales,bronze
Birmingham 2022,800,0,32,Rest of the Commonwealth,South Africa,bronze
Birmingham 2022,801,1,32,Rest of the Commonwealth,South Africa,bronze
Birmingham 2022,802,2,32,Rest of the Commonwealth,South Africa,bronze
Birmingham 2022,803,3,32,Rest of the Commonwealth,South Africa,bronze
Birmingham 2022,804,4,32,Rest of the Commonwealth,South Africa,bronze
Birmingham 2022,805,5,32,Rest of the Commonwealth,South Africa,bronze
Birmingham 2022,806,6,32,Rest of the Commonwealth,South Africa,bronze
Birmingham 2022,807,7,32,Rest of the Commonwealth,South Africa,bronze
Birmingham 2022,808,8,32,Rest of the Commonwealth,South Africa,bronze
Birmingham 2022,809,9,32,Rest of the Commonwealth,South Africa,bronze
Birmingham 2022,810,10,32,Rest of the Commonwealth,South Africa,bronze
Birmingham 2022,811,11,32,Rest of the Commonwealth,Malaysia,bronze
Birmingham 2022,812,12,32,Rest of the Commonwealth,Malaysia,bronze
Birmingham 2022,813,13,32,Rest of the Commonwealth,Malaysia,bronze
Birmingham 2022,814,14,32,Rest of the Commonwealth,Malaysia,bronze
Birmingham 2022,815,15,32,Rest of the Commonwealth,Malaysia,bronze
Birmingham 2022,816,16,32,Rest of the Commonwealth,Malaysia,bronze
Birmingham 2022,817,17,32,Rest of the Commonwealth,Malaysia,bronze
Birmingham 2022,818,18,32,Rest of the Commonwealth,Malaysia,bronze
Birmingham 2022,819,19,32,Rest of the Commonwealth,Northern Ireland,bronze
Birmingham 2022,820,20,32,Rest of the Commonwealth,Northern Ireland,bronze
Birmingham 2022,821,21,32,Rest of the Commonwealth,Northern Ireland,bronze
Birmingham 2022,822,22,32,Rest of the Commonwealth,Northern Ireland,bronze
Birmingham 2022,823,23,32,Rest of the Commonwealth,Jamaica,bronze
Birmingham 2022,824,24,32,Rest of the Commonwealth,Jamaica,bronze
Birmingham 2022,825,0,33,Rest of the Commonwealth,Kenya,bronze
Birmingham 2022,826,1,33,Rest of the Commonwealth,Kenya,bronze
Birmingham 2022,827,2,33,Rest of the Commonwealth,Kenya,bronze
Birmingham 2022,828,3,33,Rest of the Commonwealth,Kenya,bronze
Birmingham 2022,829,4,33,Rest of the Commonwealth,Kenya,bronze
Birmingham 2022,830,5,33,Rest of the Commonwealth,Kenya,bronze
Birmingham 2022,831,6,33,Rest of the Commonwealth,Kenya,bronze
Birmingham 2022,832,7,33,Rest of the Commonwealth,Kenya,bronze
Birmingham 2022,833,8,33,Rest of the Commonwealth,Kenya,bronze
Birmingham 2022,834,9,33,Rest of the Commonwealth,Kenya,bronze
Birmingham 2022,835,10,33,Rest of the Commonwealth,Singapore,bronze
Birmingham 2022,836,11,33,Rest of the Commonwealth,Singapore,bronze
Birmingham 2022,837,12,33,Rest of the Commonwealth,Singapore,bronze
Birmingham 2022,838,13,33,Rest of the Commonwealth,Singapore,bronze
Birmingham 2022,839,14,33,Rest of the Commonwealth,Trinidad and Tobago,bronze
Birmingham 2022,840,15,33,Rest of the Commonwealth,Uganda,bronze
Birmingham 2022,841,16,33,Rest of the Commonwealth,Uganda,bronze
Birmingham 2022,842,17,33,Rest of the Commonwealth,Cyprus,bronze
Birmingham 2022,843,18,33,Rest of the Commonwealth,Cyprus,bronze
Birmingham 2022,844,19,33,Rest of the Commonwealth,Cyprus,bronze
Birmingham 2022,845,20,33,Rest of the Commonwealth,Cyprus,bronze
Birmingham 2022,846,21,33,Rest of the Commonwealth,Cyprus,bronze
Birmingham 2022,847,22,33,Rest of the Commonwealth,Cyprus,bronze
Birmingham 2022,848,23,33,Rest of the Commonwealth,Pakistan,bronze
Birmingham 2022,849,24,33,Rest of the Commonwealth,Pakistan,bronze
Birmingham 2022,850,0,34,Rest of the Commonwealth,Cameroon,bronze
Birmingham 2022,851,1,34,Rest of the Commonwealth,Barbados,bronze
Birmingham 2022,852,2,34,Rest of the Commonwealth,Zambia,bronze
Birmingham 2022,853,3,34,Rest of the Commonwealth,Bermuda,bronze
Birmingham 2022,854,4,34,Rest of the Commonwealth,Mauritius,bronze
Birmingham 2022,855,5,34,Rest of the Commonwealth,Mauritius,bronze
Birmingham 2022,856,6,34,Rest of the Commonwealth,Ghana,bronze
Birmingham 2022,857,7,34,Rest of the Commonwealth,Ghana,bronze
Birmingham 2022,858,8,34,Rest of the Commonwealth,Ghana,bronze
Birmingham 2022,859,9,34,Rest of the Commonwealth,Fiji,bronze
Birmingham 2022,860,10,34,Rest of the Commonwealth,Fiji,bronze
Birmingham 2022,861,11,34,Rest of the Commonwealth,Mozambique,bronze
Birmingham 2022,862,12,34,Rest of the Commonwealth,Sri Lanka,bronze
Birmingham 2022,863,13,34,Rest of the Commonwealth,Sri Lanka,bronze
Birmingham 2022,864,14,34,Rest of the Commonwealth,Sri Lanka,bronze
Birmingham 2022,865,15,34,Rest of the Commonwealth,Tanzania,bronze
Birmingham 2022,866,16,34,Rest of the Commonwealth,Tanzania,bronze
Birmingham 2022,867,17,34,Rest of the Commonwealth,Guernsey,bronze
Birmingham 2022,868,18,34,Rest of the Commonwealth,Botswana,bronze
Birmingham 2022,869,19,34,Rest of the Commonwealth,Namibia,bronze
Birmingham 2022,870,20,34,Rest of the Commonwealth,Namibia,bronze
Birmingham 2022,871,21,34,Rest of the Commonwealth,Namibia,bronze
Birmingham 2022,872,22,34,Rest of the Commonwealth,Namibia,bronze
Birmingham 2022,873,23,34,Rest of the Commonwealth,Malta,bronze
Birmingham 2022,874,24,34,Rest of the Commonwealth,Niue,bronze
Birmingham 2022,875,0,35,Rest of the Commonwealth,Nauru,bronze
Birmingham 2022,876,1,35,Rest of the Commonwealth,Vanuatu,bronze
Glasgow 2026,0,0,0,Australia,Australia,gold
Glasgow 2026,1,1,0,Australia,Australia,gold
Glasgow 2026,2,2,0,Australia,Australia,gold
Glasgow 2026,3,3,0,Australia,Australia,gold
Glasgow 2026,4,4,0,Australia,Australia,gold
Glasgow 2026,5,5,0,Australia,Australia,gold
Glasgow 2026,6,6,0,Australia,Australia,gold
Glasgow 2026,7,7,0,Australia,Australia,gold
Glasgow 2026,8,8,0,Australia,Australia,gold
Glasgow 2026,9,9,0,Australia,Australia,gold
Glasgow 2026,10,10,0,Australia,Australia,gold
Glasgow 2026,11,11,0,Australia,Australia,gold
Glasgow 2026,12,12,0,Australia,Australia,gold
Glasgow 2026,13,13,0,Australia,Australia,gold
Glasgow 2026,14,14,0,Australia,Australia,gold
Glasgow 2026,15,15,0,Australia,Australia,gold
Glasgow 2026,16,16,0,Australia,Australia,gold
Glasgow 2026,17,17,0,Australia,Australia,gold
Glasgow 2026,18,18,0,Australia,Australia,gold
Glasgow 2026,19,19,0,Australia,Australia,gold
Glasgow 2026,20,20,0,Australia,Australia,gold
Glasgow 2026,21,21,0,Australia,Australia,gold
Glasgow 2026,22,22,0,Australia,Australia,gold
Glasgow 2026,23,23,0,Australia,Australia,gold
Glasgow 2026,24,24,0,Australia,Australia,gold
Glasgow 2026,25,0,1,Australia,Australia,gold
Glasgow 2026,26,1,1,Australia,Australia,gold
Glasgow 2026,27,2,1,Australia,Australia,gold
Glasgow 2026,28,3,1,Australia,Australia,gold
Glasgow 2026,29,4,1,Australia,Australia,gold
Glasgow 2026,30,5,1,Australia,Australia,gold
Glasgow 2026,31,6,1,Australia,Australia,gold
Glasgow 2026,32,7,1,Australia,Australia,gold
Glasgow 2026,33,8,1,Australia,Australia,gold
Glasgow 2026,34,9,1,Australia,Australia,gold
Glasgow 2026,35,10,1,Australia,Australia,gold
Glasgow 2026,36,11,1,Australia,Australia,gold
Glasgow 2026,37,12,1,Australia,Australia,gold
Glasgow 2026,38,13,1,Australia,Australia,gold
Glasgow 2026,39,14,1,Australia,Australia,gold
Glasgow 2026,40,15,1,Australia,Australia,gold
Glasgow 2026,41,16,1,Australia,Australia,gold
Glasgow 2026,42,17,1,Australia,Australia,gold
Glasgow 2026,43,18,1,Australia,Australia,gold
Glasgow 2026,44,19,1,Australia,Australia,gold
Glasgow 2026,45,20,1,Australia,Australia,gold
Glasgow 2026,46,21,1,Australia,Australia,gold
Glasgow 2026,47,22,1,Australia,Australia,gold
Glasgow 2026,48,23,1,Australia,Australia,gold
Glasgow 2026,49,24,1,Australia,Australia,gold
Glasgow 2026,50,0,2,Australia,Australia,gold
Glasgow 2026,51,1,2,Australia,Australia,gold
Glasgow 2026,52,2,2,Australia,Australia,gold
Glasgow 2026,53,3,2,Australia,Australia,gold
Glasgow 2026,54,4,2,Australia,Australia,gold
Glasgow 2026,55,5,2,Australia,Australia,gold
Glasgow 2026,56,6,2,Australia,Australia,gold
Glasgow 2026,57,7,2,Australia,Australia,gold
Glasgow 2026,58,8,2,Australia,Australia,gold
Glasgow 2026,59,9,2,Australia,Australia,gold
Glasgow 2026,60,10,2,Australia,Australia,gold
Glasgow 2026,61,11,2,Australia,Australia,gold
Glasgow 2026,62,12,2,Australia,Australia,gold
Glasgow 2026,63,13,2,Australia,Australia,gold
Glasgow 2026,64,14,2,Australia,Australia,gold
Glasgow 2026,65,15,2,Australia,Australia,gold
Glasgow 2026,66,16,2,Australia,Australia,gold
Glasgow 2026,67,17,2,Australia,Australia,gold
Glasgow 2026,68,18,2,Australia,Australia,gold
Glasgow 2026,69,19,2,Australia,Australia,gold
Glasgow 2026,70,20,2,Australia,Australia,silver
Glasgow 2026,71,21,2,Australia,Australia,silver
Glasgow 2026,72,22,2,Australia,Australia,silver
Glasgow 2026,73,23,2,Australia,Australia,silver
Glasgow 2026,74,24,2,Australia,Australia,silver
Glasgow 2026,75,0,3,Australia,Australia,silver
Glasgow 2026,76,1,3,Australia,Australia,silver
Glasgow 2026,77,2,3,Australia,Australia,silver
Glasgow 2026,78,3,3,Australia,Australia,silver
Glasgow 2026,79,4,3,Australia,Australia,silver
Glasgow 2026,80,5,3,Australia,Australia,silver
Glasgow 2026,81,6,3,Australia,Australia,silver
Glasgow 2026,82,7,3,Australia,Australia,silver
Glasgow 2026,83,8,3,Australia,Australia,silver
Glasgow 2026,84,9,3,Australia,Australia,silver
Glasgow 2026,85,10,3,Australia,Australia,silver
Glasgow 2026,86,11,3,Australia,Australia,silver
Glasgow 2026,87,12,3,Australia,Australia,silver
Glasgow 2026,88,13,3,Australia,Australia,silver
Glasgow 2026,89,14,3,Australia,Australia,silver
Glasgow 2026,90,15,3,Australia,Australia,silver
Glasgow 2026,91,16,3,Australia,Australia,silver
Glasgow 2026,92,17,3,Australia,Australia,silver
Glasgow 2026,93,18,3,Australia,Australia,silver
Glasgow 2026,94,19,3,Australia,Australia,silver
Glasgow 2026,95,20,3,Australia,Australia,silver
Glasgow 2026,96,21,3,Australia,Australia,silver
Glasgow 2026,97,22,3,Australia,Australia,silver
Glasgow 2026,98,23,3,Australia,Australia,silver
Glasgow 2026,99,24,3,Australia,Australia,silver
Glasgow 2026,100,0,4,Australia,Australia,silver
Glasgow 2026,101,1,4,Australia,Australia,silver
Glasgow 2026,102,2,4,Australia,Australia,silver
Glasgow 2026,103,3,4,Australia,Australia,silver
Glasgow 2026,104,4,4,Australia,Australia,silver
Glasgow 2026,105,5,4,Australia,Australia,silver
Glasgow 2026,106,6,4,Australia,Australia,silver
Glasgow 2026,107,7,4,Australia,Australia,silver
Glasgow 2026,108,8,4,Australia,Australia,silver
Glasgow 2026,109,9,4,Australia,Australia,silver
Glasgow 2026,110,10,4,Australia,Australia,silver
Glasgow 2026,111,11,4,Australia,Australia,silver
Glasgow 2026,112,12,4,Australia,Australia,silver
Glasgow 2026,113,13,4,Australia,Australia,silver
Glasgow 2026,114,14,4,Australia,Australia,silver
Glasgow 2026,115,15,4,Australia,Australia,bronze
Glasgow 2026,116,16,4,Australia,Australia,bronze
Glasgow 2026,117,17,4,Australia,Australia,bronze
Glasgow 2026,118,18,4,Australia,Australia,bronze
Glasgow 2026,119,19,4,Australia,Australia,bronze
Glasgow 2026,120,20,4,Australia,Australia,bronze
Glasgow 2026,121,21,4,Australia,Australia,bronze
Glasgow 2026,122,22,4,Australia,Australia,bronze
Glasgow 2026,123,23,4,Australia,Australia,bronze
Glasgow 2026,124,24,4,Australia,Australia,bronze
Glasgow 2026,125,0,5,Australia,Australia,bronze
Glasgow 2026,126,1,5,Australia,Australia,bronze
Glasgow 2026,127,2,5,Australia,Australia,bronze
Glasgow 2026,128,3,5,Australia,Australia,bronze
Glasgow 2026,129,4,5,Australia,Australia,bronze
Glasgow 2026,130,5,5,Australia,Australia,bronze
Glasgow 2026,131,6,5,Australia,Australia,bronze
Glasgow 2026,132,7,5,Australia,Australia,bronze
Glasgow 2026,133,8,5,Australia,Australia,bronze
Glasgow 2026,134,9,5,Australia,Australia,bronze
Glasgow 2026,135,10,5,Australia,Australia,bronze
Glasgow 2026,136,11,5,Australia,Australia,bronze
Glasgow 2026,137,12,5,Australia,Australia,bronze
Glasgow 2026,138,13,5,Australia,Australia,bronze
Glasgow 2026,139,14,5,Australia,Australia,bronze
Glasgow 2026,140,15,5,Australia,Australia,bronze
Glasgow 2026,141,16,5,Australia,Australia,bronze
Glasgow 2026,142,17,5,Australia,Australia,bronze
Glasgow 2026,143,18,5,Australia,Australia,bronze
Glasgow 2026,144,19,5,Australia,Australia,bronze
Glasgow 2026,145,20,5,Australia,Australia,bronze
Glasgow 2026,146,21,5,Australia,Australia,bronze
Glasgow 2026,147,22,5,Australia,Australia,bronze
Glasgow 2026,148,23,5,Australia,Australia,bronze
Glasgow 2026,149,24,5,Australia,Australia,bronze
Glasgow 2026,150,0,6,Australia,Australia,bronze
Glasgow 2026,151,1,6,Australia,Australia,bronze
Glasgow 2026,152,2,6,Australia,Australia,bronze
Glasgow 2026,153,3,6,Australia,Australia,bronze
Glasgow 2026,154,4,6,Australia,Australia,bronze
Glasgow 2026,155,5,6,Australia,Australia,bronze
Glasgow 2026,156,6,6,Australia,Australia,bronze
Glasgow 2026,157,7,6,Australia,Australia,bronze
Glasgow 2026,158,8,6,Australia,Australia,bronze
Glasgow 2026,159,9,6,Australia,Australia,bronze
Glasgow 2026,160,10,6,Australia,Australia,bronze
Glasgow 2026,161,11,6,Australia,Australia,bronze
Glasgow 2026,162,12,6,Australia,Australia,bronze
Glasgow 2026,163,13,6,Australia,Australia,bronze
Glasgow 2026,164,14,6,Australia,Australia,bronze
Glasgow 2026,165,15,6,Australia,Australia,bronze
Glasgow 2026,166,16,6,Australia,Australia,bronze
Glasgow 2026,167,17,6,Australia,Australia,bronze
Glasgow 2026,168,18,6,Australia,Australia,bronze
Glasgow 2026,169,19,6,Australia,Australia,bronze
Glasgow 2026,170,20,6,Australia,Australia,bronze
Glasgow 2026,171,21,6,England,England,gold
Glasgow 2026,172,22,6,England,England,gold
Glasgow 2026,173,23,6,England,England,gold
Glasgow 2026,174,24,6,England,England,gold
Glasgow 2026,175,0,7,England,England,gold
Glasgow 2026,176,1,7,England,England,gold
Glasgow 2026,177,2,7,England,England,gold
Glasgow 2026,178,3,7,England,England,gold
Glasgow 2026,179,4,7,England,England,gold
Glasgow 2026,180,5,7,England,England,gold
Glasgow 2026,181,6,7,England,England,gold
Glasgow 2026,182,7,7,England,England,gold
Glasgow 2026,183,8,7,England,England,gold
Glasgow 2026,184,9,7,England,England,gold
Glasgow 2026,185,10,7,England,England,gold
Glasgow 2026,186,11,7,England,England,gold
Glasgow 2026,187,12,7,England,England,gold
Glasgow 2026,188,13,7,England,England,gold
Glasgow 2026,189,14,7,England,England,gold
Glasgow 2026,190,15,7,England,England,gold
Glasgow 2026,191,16,7,England,England,gold
Glasgow 2026,192,17,7,England,England,gold
Glasgow 2026,193,18,7,England,England,gold
Glasgow 2026,194,19,7,England,England,gold
Glasgow 2026,195,20,7,England,England,gold
Glasgow 2026,196,21,7,England,England,gold
Glasgow 2026,197,22,7,England,England,gold
Glasgow 2026,198,23,7,England,England,gold
Glasgow 2026,199,24,7,England,England,gold
Glasgow 2026,200,0,8,England,England,silver
Glasgow 2026,201,1,8,England,England,silver
Glasgow 2026,202,2,8,England,England,silver
Glasgow 2026,203,3,8,England,England,silver
Glasgow 2026,204,4,8,England,England,silver
Glasgow 2026,205,5,8,England,England,silver
Glasgow 2026,206,6,8,England,England,silver
Glasgow 2026,207,7,8,England,England,silver
Glasgow 2026,208,8,8,England,England,silver
Glasgow 2026,209,9,8,England,England,silver
Glasgow 2026,210,10,8,England,England,silver
Glasgow 2026,211,11,8,England,England,silver
Glasgow 2026,212,12,8,England,England,silver
Glasgow 2026,213,13,8,England,England,silver
Glasgow 2026,214,14,8,England,England,silver
Glasgow 2026,215,15,8,England,England,silver
Glasgow 2026,216,16,8,England,England,silver
Glasgow 2026,217,17,8,England,England,silver
Glasgow 2026,218,18,8,England,England,silver
Glasgow 2026,219,19,8,England,England,silver
Glasgow 2026,220,20,8,England,England,silver
Glasgow 2026,221,21,8,England,England,silver
Glasgow 2026,222,22,8,England,England,silver
Glasgow 2026,223,23,8,England,England,silver
Glasgow 2026,224,24,8,England,England,silver
Glasgow 2026,225,0,9,England,England,silver
Glasgow 2026,226,1,9,England,England,silver
Glasgow 2026,227,2,9,England,England,silver
Glasgow 2026,228,3,9,England,England,silver
Glasgow 2026,229,4,9,England,England,silver
Glasgow 2026,230,5,9,England,England,silver
Glasgow 2026,231,6,9,England,England,silver
Glasgow 2026,232,7,9,England,England,silver
Glasgow 2026,233,8,9,England,England,silver
Glasgow 2026,234,9,9,England,England,silver
Glasgow 2026,235,10,9,England,England,silver
Glasgow 2026,236,11,9,England,England,silver
Glasgow 2026,237,12,9,England,England,silver
Glasgow 2026,238,13,9,England,England,silver
Glasgow 2026,239,14,9,England,England,silver
Glasgow 2026,240,15,9,England,England,silver
Glasgow 2026,241,16,9,England,England,silver
Glasgow 2026,242,17,9,England,England,silver
Glasgow 2026,243,18,9,England,England,silver
Glasgow 2026,244,19,9,England,England,silver
Glasgow 2026,245,20,9,England,England,bronze
Glasgow 2026,246,21,9,England,England,bronze
Glasgow 2026,247,22,9,England,England,bronze
Glasgow 2026,248,23,9,England,England,bronze
Glasgow 2026,249,24,9,England,England,bronze
Glasgow 2026,250,0,10,England,England,bronze
Glasgow 2026,251,1,10,England,England,bronze
Glasgow 2026,252,2,10,England,England,bronze
Glasgow 2026,253,3,10,England,England,bronze
Glasgow 2026,254,4,10,England,England,bronze
Glasgow 2026,255,5,10,England,England,bronze
Glasgow 2026,256,6,10,England,England,bronze
Glasgow 2026,257,7,10,England,England,bronze
Glasgow 2026,258,8,10,England,England,bronze
Glasgow 2026,259,9,10,England,England,bronze
Glasgow 2026,260,10,10,England,England,bronze
Glasgow 2026,261,11,10,England,England,bronze
Glasgow 2026,262,12,10,England,England,bronze
Glasgow 2026,263,13,10,England,England,bronze
Glasgow 2026,264,14,10,England,England,bronze
Glasgow 2026,265,15,10,England,England,bronze
Glasgow 2026,266,16,10,England,England,bronze
Glasgow 2026,267,17,10,England,England,bronze
Glasgow 2026,268,18,10,England,England,bronze
Glasgow 2026,269,19,10,England,England,bronze
Glasgow 2026,270,20,10,England,England,bronze
Glasgow 2026,271,21,10,England,England,bronze
Glasgow 2026,272,22,10,England,England,bronze
Glasgow 2026,273,23,10,England,England,bronze
Glasgow 2026,274,24,10,England,England,bronze
Glasgow 2026,275,0,11,England,England,bronze
Glasgow 2026,276,1,11,England,England,bronze
Glasgow 2026,277,2,11,England,England,bronze
Glasgow 2026,278,3,11,England,England,bronze
Glasgow 2026,279,4,11,England,England,bronze
Glasgow 2026,280,5,11,England,England,bronze
Glasgow 2026,281,6,11,Canada,Canada,gold
Glasgow 2026,282,7,11,Canada,Canada,gold
Glasgow 2026,283,8,11,Canada,Canada,gold
Glasgow 2026,284,9,11,Canada,Canada,gold
Glasgow 2026,285,10,11,Canada,Canada,gold
Glasgow 2026,286,11,11,Canada,Canada,gold
Glasgow 2026,287,12,11,Canada,Canada,gold
Glasgow 2026,288,13,11,Canada,Canada,gold
Glasgow 2026,289,14,11,Canada,Canada,gold
Glasgow 2026,290,15,11,Canada,Canada,gold
Glasgow 2026,291,16,11,Canada,Canada,gold
Glasgow 2026,292,17,11,Canada,Canada,gold
Glasgow 2026,293,18,11,Canada,Canada,gold
Glasgow 2026,294,19,11,Canada,Canada,gold
Glasgow 2026,295,20,11,Canada,Canada,gold
Glasgow 2026,296,21,11,Canada,Canada,gold
Glasgow 2026,297,22,11,Canada,Canada,gold
Glasgow 2026,298,23,11,Canada,Canada,gold
Glasgow 2026,299,24,11,Canada,Canada,gold
Glasgow 2026,300,0,12,Canada,Canada,silver
Glasgow 2026,301,1,12,Canada,Canada,silver
Glasgow 2026,302,2,12,Canada,Canada,silver
Glasgow 2026,303,3,12,Canada,Canada,silver
Glasgow 2026,304,4,12,Canada,Canada,silver
Glasgow 2026,305,5,12,Canada,Canada,silver
Glasgow 2026,306,6,12,Canada,Canada,silver
Glasgow 2026,307,7,12,Canada,Canada,silver
Glasgow 2026,308,8,12,Canada,Canada,silver
Glasgow 2026,309,9,12,Canada,Canada,silver
Glasgow 2026,310,10,12,Canada,Canada,silver
Glasgow 2026,311,11,12,Canada,Canada,silver
Glasgow 2026,312,12,12,Canada,Canada,silver
Glasgow 2026,313,13,12,Canada,Canada,silver
Glasgow 2026,314,14,12,Canada,Canada,silver
Glasgow 2026,315,15,12,Canada,Canada,silver
Glasgow 2026,316,16,12,Canada,Canada,silver
Glasgow 2026,317,17,12,Canada,Canada,silver
Glasgow 2026,318,18,12,Canada,Canada,silver
Glasgow 2026,319,19,12,Canada,Canada,silver
Glasgow 2026,320,20,12,Canada,Canada,bronze
Glasgow 2026,321,21,12,Canada,Canada,bronze
Glasgow 2026,322,22,12,Canada,Canada,bronze
Glasgow 2026,323,23,12,Canada,Canada,bronze
Glasgow 2026,324,24,12,Canada,Canada,bronze
Glasgow 2026,325,0,13,Canada,Canada,bronze
Glasgow 2026,326,1,13,Canada,Canada,bronze
Glasgow 2026,327,2,13,Canada,Canada,bronze
Glasgow 2026,328,3,13,Canada,Canada,bronze
Glasgow 2026,329,4,13,Canada,Canada,bronze
Glasgow 2026,330,5,13,Canada,Canada,bronze
Glasgow 2026,331,6,13,Canada,Canada,bronze
Glasgow 2026,332,7,13,Canada,Canada,bronze
Glasgow 2026,333,8,13,Canada,Canada,bronze
Glasgow 2026,334,9,13,Canada,Canada,bronze
Glasgow 2026,335,10,13,Canada,Canada,bronze
Glasgow 2026,336,11,13,Canada,Canada,bronze
Glasgow 2026,337,12,13,Canada,Canada,bronze
Glasgow 2026,338,13,13,Canada,Canada,bronze
Glasgow 2026,339,14,13,Canada,Canada,bronze
Glasgow 2026,340,15,13,Canada,Canada,bronze
Glasgow 2026,341,16,13,Canada,Canada,bronze
Glasgow 2026,342,17,13,Canada,Canada,bronze
Glasgow 2026,343,18,13,Rest of the Commonwealth,India,gold
Glasgow 2026,344,19,13,Rest of the Commonwealth,India,gold
Glasgow 2026,345,20,13,Rest of the Commonwealth,India,gold
Glasgow 2026,346,21,13,Rest of the Commonwealth,India,gold
Glasgow 2026,347,22,13,Rest of the Commonwealth,India,gold
Glasgow 2026,348,23,13,Rest of the Commonwealth,India,gold
Glasgow 2026,349,24,13,Rest of the Commonwealth,India,gold
Glasgow 2026,350,0,14,Rest of the Commonwealth,India,gold
Glasgow 2026,351,1,14,Rest of the Commonwealth,India,gold
Glasgow 2026,352,2,14,Rest of the Commonwealth,India,gold
Glasgow 2026,353,3,14,Rest of the Commonwealth,India,gold
Glasgow 2026,354,4,14,Rest of the Commonwealth,India,gold
Glasgow 2026,355,5,14,Rest of the Commonwealth,India,gold
Glasgow 2026,356,6,14,Rest of the Commonwealth,Scotland,gold
Glasgow 2026,357,7,14,Rest of the Commonwealth,Scotland,gold
Glasgow 2026,358,8,14,Rest of the Commonwealth,Scotland,gold
Glasgow 2026,359,9,14,Rest of the Commonwealth,Scotland,gold
Glasgow 2026,360,10,14,Rest of the Commonwealth,Scotland,gold
Glasgow 2026,361,11,14,Rest of the Commonwealth,Scotland,gold
Glasgow 2026,362,12,14,Rest of the Commonwealth,Scotland,gold
Glasgow 2026,363,13,14,Rest of the Commonwealth,Scotland,gold
Glasgow 2026,364,14,14,Rest of the Commonwealth,Scotland,gold
Glasgow 2026,365,15,14,Rest of the Commonwealth,Scotland,gold
Glasgow 2026,366,16,14,Rest of the Commonwealth,Scotland,gold
Glasgow 2026,367,17,14,Rest of the Commonwealth,Scotland,gold
Glasgow 2026,368,18,14,Rest of the Commonwealth,Scotland,gold
Glasgow 2026,369,19,14,Rest of the Commonwealth,New Zealand,gold
Glasgow 2026,370,20,14,Rest of the Commonwealth,New Zealand,gold
Glasgow 2026,371,21,14,Rest of the Commonwealth,New Zealand,gold
Glasgow 2026,372,22,14,Rest of the Commonwealth,New Zealand,gold
Glasgow 2026,373,23,14,Rest of the Commonwealth,New Zealand,gold
Glasgow 2026,374,24,14,Rest of the Commonwealth,New Zealand,gold
Glasgow 2026,375,0,15,Rest of the Commonwealth,New Zealand,gold
Glasgow 2026,376,1,15,Rest of the Commonwealth,New Zealand,gold
Glasgow 2026,377,2,15,Rest of the Commonwealth,New Zealand,gold
Glasgow 2026,378,3,15,Rest of the Commonwealth,New Zealand,gold
Glasgow 2026,379,4,15,Rest of the Commonwealth,Nigeria,gold
Glasgow 2026,380,5,15,Rest of the Commonwealth,Nigeria,gold
Glasgow 2026,381,6,15,Rest of the Commonwealth,Nigeria,gold
Glasgow 2026,382,7,15,Rest of the Commonwealth,Nigeria,gold
Glasgow 2026,383,8,15,Rest of the Commonwealth,Nigeria,gold
Glasgow 2026,384,9,15,Rest of the Commonwealth,Nigeria,gold
Glasgow 2026,385,10,15,Rest of the Commonwealth,Nigeria,gold
Glasgow 2026,386,11,15,Rest of the Commonwealth,Nigeria,gold
Glasgow 2026,387,12,15,Rest of the Commonwealth,Nigeria,gold
Glasgow 2026,388,13,15,Rest of the Commonwealth,Nigeria,gold
Glasgow 2026,389,14,15,Rest of the Commonwealth,Jamaica,gold
Glasgow 2026,390,15,15,Rest of the Commonwealth,Jamaica,gold
Glasgow 2026,391,16,15,Rest of the Commonwealth,Jamaica,gold
Glasgow 2026,392,17,15,Rest of the Commonwealth,Jamaica,gold
Glasgow 2026,393,18,15,Rest of the Commonwealth,Jamaica,gold
Glasgow 2026,394,19,15,Rest of the Commonwealth,Jamaica,gold
Glasgow 2026,395,20,15,Rest of the Commonwealth,Jamaica,gold
Glasgow 2026,396,21,15,Rest of the Commonwealth,Jamaica,gold
Glasgow 2026,397,22,15,Rest of the Commonwealth,Jamaica,gold
Glasgow 2026,398,23,15,Rest of the Commonwealth,Jamaica,gold
Glasgow 2026,399,24,15,Rest of the Commonwealth,Wales,gold
Glasgow 2026,400,0,16,Rest of the Commonwealth,Wales,gold
Glasgow 2026,401,1,16,Rest of the Commonwealth,Wales,gold
Glasgow 2026,402,2,16,Rest of the Commonwealth,Wales,gold
Glasgow 2026,403,3,16,Rest of the Commonwealth,Wales,gold
Glasgow 2026,404,4,16,Rest of the Commonwealth,Wales,gold
Glasgow 2026,405,5,16,Rest of the Commonwealth,Wales,gold
Glasgow 2026,406,6,16,Rest of the Commonwealth,Wales,gold
Glasgow 2026,407,7,16,Rest of the Commonwealth,Wales,gold
Glasgow 2026,408,8,16,Rest of the Commonwealth,Malaysia,gold
Glasgow 2026,409,9,16,Rest of the Commonwealth,Malaysia,gold
Glasgow 2026,410,10,16,Rest of the Commonwealth,Malaysia,gold
Glasgow 2026,411,11,16,Rest of the Commonwealth,Malaysia,gold
Glasgow 2026,412,12,16,Rest of the Commonwealth,Malaysia,gold
Glasgow 2026,413,13,16,Rest of the Commonwealth,Malaysia,gold
Glasgow 2026,414,14,16,Rest of the Commonwealth,Malaysia,gold
Glasgow 2026,415,15,16,Rest of the Commonwealth,Malaysia,gold
Glasgow 2026,416,16,16,Rest of the Commonwealth,South Africa,gold
Glasgow 2026,417,17,16,Rest of the Commonwealth,South Africa,gold
Glasgow 2026,418,18,16,Rest of the Commonwealth,South Africa,gold
Glasgow 2026,419,19,16,Rest of the Commonwealth,South Africa,gold
Glasgow 2026,420,20,16,Rest of the Commonwealth,South Africa,gold
Glasgow 2026,421,21,16,Rest of the Commonwealth,South Africa,gold
Glasgow 2026,422,22,16,Rest of the Commonwealth,South Africa,gold
Glasgow 2026,423,23,16,Rest of the Commonwealth,Northern Ireland,gold
Glasgow 2026,424,24,16,Rest of the Commonwealth,Northern Ireland,gold
Glasgow 2026,425,0,17,Rest of the Commonwealth,Northern Ireland,gold
Glasgow 2026,426,1,17,Rest of the Commonwealth,Kenya,gold
Glasgow 2026,427,2,17,Rest of the Commonwealth,Kenya,gold
Glasgow 2026,428,3,17,Rest of the Commonwealth,Kenya,gold
Glasgow 2026,429,4,17,Rest of the Commonwealth,Cyprus,gold
Glasgow 2026,430,5,17,Rest of the Commonwealth,Mauritius,gold
Glasgow 2026,431,6,17,Rest of the Commonwealth,Cameroon,gold
Glasgow 2026,432,7,17,Rest of the Commonwealth,Jersey,gold
Glasgow 2026,433,8,17,Rest of the Commonwealth,Samoa,gold
Glasgow 2026,434,9,17,Rest of the Commonwealth,Sri Lanka,gold
Glasgow 2026,435,10,17,Rest of the Commonwealth,Bahamas,gold
Glasgow 2026,436,11,17,Rest of the Commonwealth,Fiji,gold
Glasgow 2026,437,12,17,Rest of the Commonwealth,Isle of Man,gold
Glasgow 2026,438,13,17,Rest of the Commonwealth,British Virgin Islands,gold
Glasgow 2026,439,14,17,Rest of the Commonwealth,Dominica,gold
Glasgow 2026,440,15,17,Rest of the Commonwealth,Grenada,gold
Glasgow 2026,441,16,17,Rest of the Commonwealth,India,silver
Glasgow 2026,442,17,17,Rest of the Commonwealth,India,silver
Glasgow 2026,443,18,17,Rest of the Commonwealth,India,silver
Glasgow 2026,444,19,17,Rest of the Commonwealth,India,silver
Glasgow 2026,445,20,17,Rest of the Commonwealth,India,silver
Glasgow 2026,446,21,17,Rest of the Commonwealth,India,silver
Glasgow 2026,447,22,17,Rest of the Commonwealth,India,silver
Glasgow 2026,448,23,17,Rest of the Commonwealth,India,silver
Glasgow 2026,449,24,17,Rest of the Commonwealth,India,silver
Glasgow 2026,450,0,18,Rest of the Commonwealth,India,silver
Glasgow 2026,451,1,18,Rest of the Commonwealth,India,silver
Glasgow 2026,452,2,18,Rest of the Commonwealth,India,silver
Glasgow 2026,453,3,18,Rest of the Commonwealth,India,silver
Glasgow 2026,454,4,18,Rest of the Commonwealth,India,silver
Glasgow 2026,455,5,18,Rest of the Commonwealth,India,silver
Glasgow 2026,456,6,18,Rest of the Commonwealth,India,silver
Glasgow 2026,457,7,18,Rest of the Commonwealth,India,silver
Glasgow 2026,458,8,18,Rest of the Commonwealth,Scotland,silver
Glasgow 2026,459,9,18,Rest of the Commonwealth,Scotland,silver
Glasgow 2026,460,10,18,Rest of the Commonwealth,Scotland,silver
Glasgow 2026,461,11,18,Rest of the Commonwealth,Scotland,silver
Glasgow 2026,462,12,18,Rest of the Commonwealth,Scotland,silver
Glasgow 2026,463,13,18,Rest of the Commonwealth,Scotland,silver
Glasgow 2026,464,14,18,Rest of the Commonwealth,Scotland,silver
Glasgow 2026,465,15,18,Rest of the Commonwealth,Scotland,silver
Glasgow 2026,466,16,18,Rest of the Commonwealth,Scotland,silver
Glasgow 2026,467,17,18,Rest of the Commonwealth,New Zealand,silver
Glasgow 2026,468,18,18,Rest of the Commonwealth,New Zealand,silver
Glasgow 2026,469,19,18,Rest of the Commonwealth,New Zealand,silver
Glasgow 2026,470,20,18,Rest of the Commonwealth,New Zealand,silver
Glasgow 2026,471,21,18,Rest of the Commonwealth,New Zealand,silver
Glasgow 2026,472,22,18,Rest of the Commonwealth,New Zealand,silver
Glasgow 2026,473,23,18,Rest of the Commonwealth,New Zealand,silver
Glasgow 2026,474,24,18,Rest of the Commonwealth,New Zealand,silver
Glasgow 2026,475,0,19,Rest of the Commonwealth,New Zealand,silver
Glasgow 2026,476,1,19,Rest of the Commonwealth,New Zealand,silver
Glasgow 2026,477,2,19,Rest of the Commonwealth,New Zealand,silver
Glasgow 2026,478,3,19,Rest of the Commonwealth,New Zealand,silver
Glasgow 2026,479,4,19,Rest of the Commonwealth,New Zealand,silver
Glasgow 2026,480,5,19,Rest of the Commonwealth,New Zealand,silver
Glasgow 2026,481,6,19,Rest of the Commonwealth,Nigeria,silver
Glasgow 2026,482,7,19,Rest of the Commonwealth,Nigeria,silver
Glasgow 2026,483,8,19,Rest of the Commonwealth,Nigeria,silver
Glasgow 2026,484,9,19,Rest of the Commonwealth,Nigeria,silver
Glasgow 2026,485,10,19,Rest of the Commonwealth,Nigeria,silver
Glasgow 2026,486,11,19,Rest of the Commonwealth,Nigeria,silver
Glasgow 2026,487,12,19,Rest of the Commonwealth,Nigeria,silver
Glasgow 2026,488,13,19,Rest of the Commonwealth,Jamaica,silver
Glasgow 2026,489,14,19,Rest of the Commonwealth,Jamaica,silver
Glasgow 2026,490,15,19,Rest of the Commonwealth,Jamaica,silver
Glasgow 2026,491,16,19,Rest of the Commonwealth,Jamaica,silver
Glasgow 2026,492,17,19,Rest of the Commonwealth,Wales,silver
Glasgow 2026,493,18,19,Rest of the Commonwealth,Wales,silver
Glasgow 2026,494,19,19,Rest of the Commonwealth,Wales,silver
Glasgow 2026,495,20,19,Rest of the Commonwealth,Wales,silver
Glasgow 2026,496,21,19,Rest of the Commonwealth,Wales,silver
Glasgow 2026,497,22,19,Rest of the Commonwealth,Wales,silver
Glasgow 2026,498,23,19,Rest of the Commonwealth,Wales,silver
Glasgow 2026,499,24,19,Rest of the Commonwealth,Wales,silver
Glasgow 2026,500,0,20,Rest of the Commonwealth,Wales,silver
Glasgow 2026,501,1,20,Rest of the Commonwealth,Wales,silver
Glasgow 2026,502,2,20,Rest of the Commonwealth,Malaysia,silver
Glasgow 2026,503,3,20,Rest of the Commonwealth,Malaysia,silver
Glasgow 2026,504,4,20,Rest of the Commonwealth,Malaysia,silver
Glasgow 2026,505,5,20,Rest of the Commonwealth,South Africa,silver
Glasgow 2026,506,6,20,Rest of the Commonwealth,South Africa,silver
Glasgow 2026,507,7,20,Rest of the Commonwealth,South Africa,silver
Glasgow 2026,508,8,20,Rest of the Commonwealth,South Africa,silver
Glasgow 2026,509,9,20,Rest of the Commonwealth,South Africa,silver
Glasgow 2026,510,10,20,Rest of the Commonwealth,South Africa,silver
Glasgow 2026,511,11,20,Rest of the Commonwealth,South Africa,silver
Glasgow 2026,512,12,20,Rest of the Commonwealth,South Africa,silver
Glasgow 2026,513,13,20,Rest of the Commonwealth,South Africa,silver
Glasgow 2026,514,14,20,Rest of the Commonwealth,South Africa,silver
Glasgow 2026,515,15,20,Rest of the Commonwealth,South Africa,silver
Glasgow 2026,516,16,20,Rest of the Commonwealth,Northern Ireland,silver
Glasgow 2026,517,17,20,Rest of the Commonwealth,Northern Ireland,silver
Glasgow 2026,518,18,20,Rest of the Commonwealth,Northern Ireland,silver
Glasgow 2026,519,19,20,Rest of the Commonwealth,Northern Ireland,silver
Glasgow 2026,520,20,20,Rest of the Commonwealth,Kenya,silver
Glasgow 2026,521,21,20,Rest of the Commonwealth,Kenya,silver
Glasgow 2026,522,22,20,Rest of the Commonwealth,Kenya,silver
Glasgow 2026,523,23,20,Rest of the Commonwealth,Kenya,silver
Glasgow 2026,524,24,20,Rest of the Commonwealth,Cyprus,silver
Glasgow 2026,525,0,21,Rest of the Commonwealth,Cyprus,silver
Glasgow 2026,526,1,21,Rest of the Commonwealth,Cyprus,silver
Glasgow 2026,527,2,21,Rest of the Commonwealth,Cyprus,silver
Glasgow 2026,528,3,21,Rest of the Commonwealth,Cyprus,silver
Glasgow 2026,529,4,21,Rest of the Commonwealth,Mauritius,silver
Glasgow 2026,530,5,21,Rest of the Commonwealth,Mauritius,silver
Glasgow 2026,531,6,21,Rest of the Commonwealth,Cameroon,silver
Glasgow 2026,532,7,21,Rest of the Commonwealth,Jersey,silver
Glasgow 2026,533,8,21,Rest of the Commonwealth,Samoa,silver
Glasgow 2026,534,9,21,Rest of the Commonwealth,Sri Lanka,silver
Glasgow 2026,535,10,21,Rest of the Commonwealth,Trinidad and Tobago,silver
Glasgow 2026,536,11,21,Rest of the Commonwealth,Trinidad and Tobago,silver
Glasgow 2026,537,12,21,Rest of the Commonwealth,Trinidad and Tobago,silver
Glasgow 2026,538,13,21,Rest of the Commonwealth,Uganda,silver
Glasgow 2026,539,14,21,Rest of the Commonwealth,Uganda,silver
Glasgow 2026,540,15,21,Rest of the Commonwealth,Singapore,silver
Glasgow 2026,541,16,21,Rest of the Commonwealth,Singapore,silver
Glasgow 2026,542,17,21,Rest of the Commonwealth,Namibia,silver
Glasgow 2026,543,18,21,Rest of the Commonwealth,Ghana,silver
Glasgow 2026,544,19,21,Rest of the Commonwealth,Barbados,silver
Glasgow 2026,545,20,21,Rest of the Commonwealth,Guernsey,silver
Glasgow 2026,546,21,21,Rest of the Commonwealth,India,bronze
Glasgow 2026,547,22,21,Rest of the Commonwealth,India,bronze
Glasgow 2026,548,23,21,Rest of the Commonwealth,India,bronze
Glasgow 2026,549,24,21,Rest of the Commonwealth,India,bronze
Glasgow 2026,550,0,22,Rest of the Commonwealth,India,bronze
Glasgow 2026,551,1,22,Rest of the Commonwealth,India,bronze
Glasgow 2026,552,2,22,Rest of the Commonwealth,India,bronze
Glasgow 2026,553,3,22,Rest of the Commonwealth,India,bronze
Glasgow 2026,554,4,22,Rest of the Commonwealth,India,bronze
Glasgow 2026,555,5,22,Rest of the Commonwealth,Scotland,bronze
Glasgow 2026,556,6,22,Rest of the Commonwealth,Scotland,bronze
Glasgow 2026,557,7,22,Rest of the Commonwealth,Scotland,bronze
Glasgow 2026,558,8,22,Rest of the Commonwealth,Scotland,bronze
Glasgow 2026,559,9,22,Rest of the Commonwealth,Scotland,bronze
Glasgow 2026,560,10,22,Rest of the Commonwealth,Scotland,bronze
Glasgow 2026,561,11,22,Rest of the Commonwealth,Scotland,bronze
Glasgow 2026,562,12,22,Rest of the Commonwealth,Scotland,bronze
Glasgow 2026,563,13,22,Rest of the Commonwealth,Scotland,bronze
Glasgow 2026,564,14,22,Rest of the Commonwealth,Scotland,bronze
Glasgow 2026,565,15,22,Rest of the Commonwealth,Scotland,bronze
Glasgow 2026,566,16,22,Rest of the Commonwealth,Scotland,bronze
Glasgow 2026,567,17,22,Rest of the Commonwealth,Scotland,bronze
Glasgow 2026,568,18,22,Rest of the Commonwealth,Scotland,bronze
Glasgow 2026,569,19,22,Rest of the Commonwealth,Scotland,bronze
Glasgow 2026,570,20,22,Rest of the Commonwealth,Scotland,bronze
Glasgow 2026,571,21,22,Rest of the Commonwealth,Scotland,bronze
Glasgow 2026,572,22,22,Rest of the Commonwealth,New Zealand,bronze
Glasgow 2026,573,23,22,Rest of the Commonwealth,New Zealand,bronze
Glasgow 2026,574,24,22,Rest of the Commonwealth,New Zealand,bronze
Glasgow 2026,575,0,23,Rest of the Commonwealth,New Zealand,bronze
Glasgow 2026,576,1,23,Rest of the Commonwealth,New Zealand,bronze
Glasgow 2026,577,2,23,Rest of the Commonwealth,New Zealand,bronze
Glasgow 2026,578,3,23,Rest of the Commonwealth,New Zealand,bronze
Glasgow 2026,579,4,23,Rest of the Commonwealth,New Zealand,bronze
Glasgow 2026,580,5,23,Rest of the Commonwealth,New Zealand,bronze
Glasgow 2026,581,6,23,Rest of the Commonwealth,New Zealand,bronze
Glasgow 2026,582,7,23,Rest of the Commonwealth,New Zealand,bronze
Glasgow 2026,583,8,23,Rest of the Commonwealth,New Zealand,bronze
Glasgow 2026,584,9,23,Rest of the Commonwealth,Nigeria,bronze
Glasgow 2026,585,10,23,Rest of the Commonwealth,Nigeria,bronze
Glasgow 2026,586,11,23,Rest of the Commonwealth,Nigeria,bronze
Glasgow 2026,587,12,23,Rest of the Commonwealth,Nigeria,bronze
Glasgow 2026,588,13,23,Rest of the Commonwealth,Nigeria,bronze
Glasgow 2026,589,14,23,Rest of the Commonwealth,Nigeria,bronze
Glasgow 2026,590,15,23,Rest of the Commonwealth,Nigeria,bronze
Glasgow 2026,591,16,23,Rest of the Commonwealth,Jamaica,bronze
Glasgow 2026,592,17,23,Rest of the Commonwealth,Jamaica,bronze
Glasgow 2026,593,18,23,Rest of the Commonwealth,Jamaica,bronze
Glasgow 2026,594,19,23,Rest of the Commonwealth,Jamaica,bronze
Glasgow 2026,595,20,23,Rest of the Commonwealth,Jamaica,bronze
Glasgow 2026,596,21,23,Rest of the Commonwealth,Wales,bronze
Glasgow 2026,597,22,23,Rest of the Commonwealth,Wales,bronze
Glasgow 2026,598,23,23,Rest of the Commonwealth,Wales,bronze
Glasgow 2026,599,24,23,Rest of the Commonwealth,Wales,bronze
Glasgow 2026,600,0,24,Rest of the Commonwealth,Wales,bronze
Glasgow 2026,601,1,24,Rest of the Commonwealth,Wales,bronze
Glasgow 2026,602,2,24,Rest of the Commonwealth,Wales,bronze
Glasgow 2026,603,3,24,Rest of the Commonwealth,Wales,bronze
Glasgow 2026,604,4,24,Rest of the Commonwealth,Wales,bronze
Glasgow 2026,605,5,24,Rest of the Commonwealth,Wales,bronze
Glasgow 2026,606,6,24,Rest of the Commonwealth,Wales,bronze
Glasgow 2026,607,7,24,Rest of the Commonwealth,Wales,bronze
Glasgow 2026,608,8,24,Rest of the Commonwealth,Malaysia,bronze
Glasgow 2026,609,9,24,Rest of the Commonwealth,Malaysia,bronze
Glasgow 2026,610,10,24,Rest of the Commonwealth,Malaysia,bronze
Glasgow 2026,611,11,24,Rest of the Commonwealth,Malaysia,bronze
Glasgow 2026,612,12,24,Rest of the Commonwealth,Malaysia,bronze
Glasgow 2026,613,13,24,Rest of the Commonwealth,South Africa,bronze
Glasgow 2026,614,14,24,Rest of the Commonwealth,South Africa,bronze
Glasgow 2026,615,15,24,Rest of the Commonwealth,South Africa,bronze
Glasgow 2026,616,16,24,Rest of the Commonwealth,South Africa,bronze
Glasgow 2026,617,17,24,Rest of the Commonwealth,South Africa,bronze
Glasgow 2026,618,18,24,Rest of the Commonwealth,South Africa,bronze
Glasgow 2026,619,19,24,Rest of the Commonwealth,South Africa,bronze
Glasgow 2026,620,20,24,Rest of the Commonwealth,South Africa,bronze
Glasgow 2026,621,21,24,Rest of the Commonwealth,South Africa,bronze
Glasgow 2026,622,22,24,Rest of the Commonwealth,South Africa,bronze
Glasgow 2026,623,23,24,Rest of the Commonwealth,Northern Ireland,bronze
Glasgow 2026,624,24,24,Rest of the Commonwealth,Northern Ireland,bronze
Glasgow 2026,625,0,25,Rest of the Commonwealth,Northern Ireland,bronze
Glasgow 2026,626,1,25,Rest of the Commonwealth,Northern Ireland,bronze
Glasgow 2026,627,2,25,Rest of the Commonwealth,Northern Ireland,bronze
Glasgow 2026,628,3,25,Rest of the Commonwealth,Northern Ireland,bronze
Glasgow 2026,629,4,25,Rest of the Commonwealth,Northern Ireland,bronze
Glasgow 2026,630,5,25,Rest of the Commonwealth,Northern Ireland,bronze
Glasgow 2026,631,6,25,Rest of the Commonwealth,Northern Ireland,bronze
Glasgow 2026,632,7,25,Rest of the Commonwealth,Kenya,bronze
Glasgow 2026,633,8,25,Rest of the Commonwealth,Kenya,bronze
Glasgow 2026,634,9,25,Rest of the Commonwealth,Kenya,bronze
Glasgow 2026,635,10,25,Rest of the Commonwealth,Kenya,bronze
Glasgow 2026,636,11,25,Rest of the Commonwealth,Kenya,bronze
Glasgow 2026,637,12,25,Rest of the Commonwealth,Cyprus,bronze
Glasgow 2026,638,13,25,Rest of the Commonwealth,Cyprus,bronze
Glasgow 2026,639,14,25,Rest of the Commonwealth,Cyprus,bronze
Glasgow 2026,640,15,25,Rest of the Commonwealth,Cyprus,bronze
Glasgow 2026,641,16,25,Rest of the Commonwealth,Cyprus,bronze
Glasgow 2026,642,17,25,Rest of the Commonwealth,Cyprus,bronze
Glasgow 2026,643,18,25,Rest of the Commonwealth,Mauritius,bronze
Glasgow 2026,644,19,25,Rest of the Commonwealth,Cameroon,bronze
Glasgow 2026,645,20,25,Rest of the Commonwealth,Cameroon,bronze
Glasgow 2026,646,21,25,Rest of the Commonwealth,Cameroon,bronze
Glasgow 2026,647,22,25,Rest of the Commonwealth,Bahamas,bronze
Glasgow 2026,648,23,25,Rest of the Commonwealth,Fiji,bronze
Glasgow 2026,649,24,25,Rest of the Commonwealth,Isle of Man,bronze
Glasgow 2026,650,0,26,Rest of the Commonwealth,Trinidad and Tobago,bronze
Glasgow 2026,651,1,26,Rest of the Commonwealth,Trinidad and Tobago,bronze
Glasgow 2026,652,2,26,Rest of the Commonwealth,Trinidad and Tobago,bronze
Glasgow 2026,653,3,26,Rest of the Commonwealth,Trinidad and Tobago,bronze
Glasgow 2026,654,4,26,Rest of the Commonwealth,Uganda,bronze
Glasgow 2026,655,5,26,Rest of the Commonwealth,Namibia,bronze
Glasgow 2026,656,6,26,Rest of the Commonwealth,Namibia,bronze
Glasgow 2026,657,7,26,Rest of the Commonwealth,Ghana,bronze
Glasgow 2026,658,8,26,Rest of the Commonwealth,Lesotho,bronze
Glasgow 2026,659,9,26,Rest of the Commonwealth,Lesotho,bronze
Glasgow 2026,660,10,26,Rest of the Commonwealth,Nauru,bronze
Glasgow 2026,661,11,26,Rest of the Commonwealth,Nauru,bronze
Glasgow 2026,662,12,26,Rest of the Commonwealth,Zambia,bronze
Glasgow 2026,663,13,26,Rest of the Commonwealth,Zambia,bronze
Glasgow 2026,664,14,26,Rest of the Commonwealth,Bermuda,bronze
Glasgow 2026,665,15,26,Rest of the Commonwealth,Gabon,bronze
Glasgow 2026,666,16,26,Rest of the Commonwealth,The Gambia,bronze
Glasgow 2026,667,17,26,Rest of the Commonwealth,Malta,bronze
Glasgow 2026,668,18,26,Rest of the Commonwealth,Norfolk Island,bronze
Glasgow 2026,669,19,26,Rest of the Commonwealth,Pakistan,bronze
Glasgow 2026,670,20,26,Rest of the Commonwealth,Papua New Guinea,bronze
Glasgow 2026,671,21,26,Rest of the Commonwealth,Rwanda,bronze
Glasgow 2026,672,22,26,Rest of the Commonwealth,Tonga,bronze
Glasgow 2026,673,23,26,Rest of the Commonwealth,Tuvalu,bronze
